#chr,pos,alleles,freq,pheno,statistic,pvalue
NC_061508.1,32122662,T,0.002381,Pheno_0,0.073891,Unknown
NC_061508.1,32122677,A,0.00274,Pheno_0,0.074027,Unknown
NC_061508.1,32122677,T,0.002151,Pheno_0,0.077983,Unknown
NC_061508.1,32122679,T,0.002778,Pheno_0,0.073963,Unknown
NC_061508.1,32122695,T,0.002062,Pheno_0,0.077638,Unknown
NC_061508.1,32122695,G,0.001905,Pheno_0,0.063739,Unknown
NC_061508.1,32122724,T,0.001818,Pheno_0,0.064008,Unknown
NC_061508.1,32122780,T,0.001653,Pheno_0,0.066238,Unknown
NC_061508.1,32122793,T,0.001887,Pheno_0,0.076715,Unknown
NC_061508.1,32122830,T,0.00202,Pheno_0,0.076015,Unknown
NC_061508.1,32122835,T,0.002299,Pheno_0,0.079751,Unknown
NC_061508.1,65310594,T,0.001905,Pheno_0,0.076062,Unknown
NC_061508.1,65310687,T,0.001887,Pheno_0,0.075933,Unknown
NC_061508.1,65310985,C,0.017619,Pheno_0,-1.306544,Unknown
NC_061508.1,65310985,T,0.002247,Pheno_0,0.078117,Unknown
NC_061508.1,65310999,T,0.00274,Pheno_0,0.080486,Unknown
NC_061508.1,65311000,T,0.002564,Pheno_0,0.061633,Unknown
NC_061508.1,65311013,T,0.001681,Pheno_0,0.077706,Unknown
NC_061508.1,65311015,T,0.001493,Pheno_0,0.075795,Unknown
NC_061508.1,65311019,T,0.002222,Pheno_0,0.062875,Unknown
NC_061508.1,65311029,T,0.001681,Pheno_0,0.077706,Unknown
NC_061508.1,65311049,T,0.002174,Pheno_0,0.063067,Unknown
NC_061508.1,65311050,T,0.002632,Pheno_0,0.080447,Unknown
NC_061508.1,65311092,T,0.001493,Pheno_0,0.075795,Unknown
NC_061508.1,65311097,T,0.001493,Pheno_0,0.075795,Unknown
NC_061508.1,65311108,T,0.002778,Pheno_0,0.073963,Unknown
NC_061508.1,65311110,T,0.001695,Pheno_0,0.077637,Unknown
NC_061508.1,65311117,T,0.002632,Pheno_0,0.080447,Unknown
NC_061508.1,65311117,A,0.001754,Pheno_0,0.076277,Unknown
NC_061508.1,65312057,T,0.001282,Pheno_0,0.077884,Unknown
NC_061508.1,65312062,T,0.001081,Pheno_0,0.066537,Unknown
NC_061508.1,65312092,T,0.00113,Pheno_0,0.077695,Unknown
NC_061508.1,65312137,T,0.002005,Pheno_0,0.046135,Unknown
NC_061508.1,65312151,T,0.001533,Pheno_0,0.075812,Unknown
NC_061508.1,65312164,T,0.001606,Pheno_0,-0.140294,Unknown
NC_061508.1,65312180,T,0.001972,Pheno_0,0.109942,Unknown
NC_061508.1,65312189,T,0.001053,Pheno_0,0.077452,Unknown
NC_061508.1,65312203,T,0.001005,Pheno_0,0.076436,Unknown
NC_061508.1,65312212,T,0.001111,Pheno_0,0.077663,Unknown
NC_061508.1,65312215,T,0.001793,Pheno_0,-0.341352,Unknown
NC_061508.1,65312216,T,0.002641,Pheno_0,-1.375553,Unknown
NC_061508.1,65312232,A,0.001075,Pheno_0,0.076561,Unknown
NC_061508.1,65312233,A,0.001058,Pheno_0,0.076558,Unknown
NC_061508.1,65312237,T,0.001015,Pheno_0,0.075062,Unknown
NC_061508.1,65312269,T,0.001075,Pheno_0,0.066365,Unknown
NC_061508.1,65312271,T,0.001075,Pheno_0,0.066365,Unknown
NC_061508.1,65312276,T,0.00113,Pheno_0,0.066433,Unknown
NC_061508.1,65312283,T,0.001316,Pheno_0,0.077952,Unknown
NC_061508.1,95393196,T,0.002597,Pheno_0,0.079323,Unknown
NC_061508.1,96227994,T,0.002041,Pheno_0,0.0761,Unknown
NC_061508.1,96228026,T,0.002062,Pheno_0,0.076134,Unknown
NC_061508.1,96228046,T,0.002128,Pheno_0,0.075518,Unknown
NC_061508.1,96228048,T,0.002532,Pheno_0,0.061745,Unknown
NC_061508.1,96228050,T,0.002632,Pheno_0,0.061641,Unknown
NC_061508.1,96228222,A,0.004545,Pheno_0,0.067548,Unknown
NC_061508.1,96228222,T,0.002151,Pheno_0,0.063315,Unknown
NC_061508.1,96228282,T,0.002564,Pheno_0,0.061633,Unknown
NC_061508.1,96228406,A,0.00303,Pheno_0,0.080131,Unknown
NC_061508.1,96228406,T,0.002,Pheno_0,0.076089,Unknown
NC_061508.1,96228429,T,0.002174,Pheno_0,0.075578,Unknown
NC_061508.1,96228454,T,0.002778,Pheno_0,0.061365,Unknown
NC_061508.1,96228486,T,0.002564,Pheno_0,0.07913,Unknown
NC_061508.1,96228649,T,0.002667,Pheno_0,0.080214,Unknown
NC_061508.1,96228667,T,0.002632,Pheno_0,0.080447,Unknown
NC_061508.1,96228699,T,0.002667,Pheno_0,0.080214,Unknown
NC_061508.1,96228901,T,0.002703,Pheno_0,0.071576,Unknown
NC_061508.1,96228911,A,0.002703,Pheno_0,0.071576,Unknown
NC_061508.1,96228911,T,0.002703,Pheno_0,0.071576,Unknown
NC_061508.1,96228921,T,0.002597,Pheno_0,0.071555,Unknown
NC_061508.1,96229091,T,0.00274,Pheno_0,0.061427,Unknown
NC_061508.1,96229168,A,0.00241,Pheno_0,0.078601,Unknown
NC_061508.1,96229168,T,0.002198,Pheno_0,0.071581,Unknown
NC_061508.1,96229194,T,0.002439,Pheno_0,0.071473,Unknown
NC_061508.1,96229200,T,0.002439,Pheno_0,0.071473,Unknown
NC_061508.1,96229218,T,0.002532,Pheno_0,0.071571,Unknown
NC_061508.1,96229225,T,0.002667,Pheno_0,0.079442,Unknown
NC_061508.1,96229230,T,0.0025,Pheno_0,0.071554,Unknown
NC_061508.1,96229233,T,0.002532,Pheno_0,0.071571,Unknown
NC_061508.1,135199592,C,0.003077,Pheno_0,0.071546,Unknown
NC_061508.1,135199592,T,0.002439,Pheno_0,0.078668,Unknown
NC_061508.1,135199599,T,0.002353,Pheno_0,0.078424,Unknown
NC_061508.1,135199631,T,0.002353,Pheno_0,0.078424,Unknown
NC_061508.1,135199681,T,0.002326,Pheno_0,0.078424,Unknown
NC_061508.1,135199718,T,0.002273,Pheno_0,0.078174,Unknown
NC_061508.1,135199905,T,0.001342,Pheno_0,0.076133,Unknown
NC_061508.1,135199913,T,0.001342,Pheno_0,0.07799,Unknown
NC_061508.1,135199913,A,0.001183,Pheno_0,0.066526,Unknown
NC_061508.1,135199915,T,0.002539,Pheno_0,0.287549,Unknown
NC_061508.1,135199916,T,0.00117,Pheno_0,0.066563,Unknown
NC_061508.1,135199917,A,0.002424,Pheno_0,0.078611,Unknown
NC_061508.1,135199917,T,0.001212,Pheno_0,0.074489,Unknown
NC_061508.1,135199920,T,0.001307,Pheno_0,0.077944,Unknown
NC_061508.1,135199927,T,0.001163,Pheno_0,0.074452,Unknown
NC_061508.1,135199930,T,0.001093,Pheno_0,0.076561,Unknown
NC_061508.1,135199939,T,0.001198,Pheno_0,0.077811,Unknown
NC_061508.1,135199940,A,0.001163,Pheno_0,0.077742,Unknown
NC_061508.1,135199943,T,0.001047,Pheno_0,0.074077,Unknown
NC_061508.1,135199948,T,0.001136,Pheno_0,0.077745,Unknown
NC_061508.1,135199950,T,0.002071,Pheno_0,0.359343,Unknown
NC_061508.1,135199976,T,0.001556,Pheno_0,0.075418,Unknown
NC_061508.1,135199981,T,0.001681,Pheno_0,0.077706,Unknown
NC_061508.1,135199983,T,0.002699,Pheno_0,-1.180265,Unknown
NC_061508.1,135199995,T,0.001528,Pheno_0,0.368575,Unknown
NC_061508.1,135199996,A,0.002414,Pheno_0,-0.914341,Unknown
NC_061508.1,135200005,T,0.001536,Pheno_0,0.363697,Unknown
NC_061508.1,135200008,T,0.002256,Pheno_0,0.071551,Unknown
NC_061508.1,135200019,A,0.001786,Pheno_0,0.074325,Unknown
NC_061508.1,135200019,T,0.001786,Pheno_0,0.074325,Unknown
NC_061508.1,135200020,T,0.001802,Pheno_0,0.074337,Unknown
NC_061508.1,135200044,T,0.002576,Pheno_0,-1.500088,Unknown
NC_061508.1,135200061,T,0.001688,Pheno_0,0.077616,Unknown
NC_061508.1,135200062,T,0.002632,Pheno_0,1.07757,Unknown
NC_061508.1,135200095,T,0.001898,Pheno_0,0.377707,Unknown
NC_061508.1,135200098,T,0.002041,Pheno_0,0.074107,Unknown
NC_061508.1,135200102,T,0.001105,Pheno_0,0.077658,Unknown
NC_061508.1,135200104,A,0.002968,Pheno_0,-1.318783,Unknown
NC_061508.1,135200107,T,0.002105,Pheno_0,0.073978,Unknown
NC_061508.1,135200115,T,0.001408,Pheno_0,0.078078,Unknown
NC_061508.1,135200126,T,0.001709,Pheno_0,0.078494,Unknown
NC_061508.1,135200127,T,0.001709,Pheno_0,0.078494,Unknown
NC_061508.1,135200151,T,0.002128,Pheno_0,0.075518,Unknown
NC_061508.1,135200161,T,0.002564,Pheno_0,0.071546,Unknown
NC_061508.1,135200162,T,0.002469,Pheno_0,0.061963,Unknown
NC_061508.1,135200594,T,0.002667,Pheno_0,0.071565,Unknown
NC_061508.1,135200619,T,0.002667,Pheno_0,0.071565,Unknown
NC_061508.1,135200650,T,0.00274,Pheno_0,0.071574,Unknown
NC_061508.1,135200651,T,0.002667,Pheno_0,0.071565,Unknown
NC_061508.1,135200656,T,0.0025,Pheno_0,0.071554,Unknown
NC_061508.1,135200684,A,0.001923,Pheno_0,0.078683,Unknown
NC_061508.1,135200684,T,0.001923,Pheno_0,0.077055,Unknown
NC_061508.1,135200700,T,0.001905,Pheno_0,0.076728,Unknown
NC_061508.1,135200708,T,0.001563,Pheno_0,0.065257,Unknown
NC_061508.1,135200720,T,0.001563,Pheno_0,0.065257,Unknown
NC_061508.1,135200730,T,0.001942,Pheno_0,0.078745,Unknown
NC_061508.1,135200734,T,0.001923,Pheno_0,0.077055,Unknown
NC_061508.1,135200797,T,0.002105,Pheno_0,0.078936,Unknown
NC_061508.1,135201770,T,0.002632,Pheno_0,0.080447,Unknown
NC_061508.1,135201776,T,0.0025,Pheno_0,0.071554,Unknown
NC_061508.1,135201832,T,0.001802,Pheno_0,0.076466,Unknown
NC_061508.1,135201839,A,0.001923,Pheno_0,0.063941,Unknown
NC_061508.1,135201839,T,0.001923,Pheno_0,0.063941,Unknown
NC_061508.1,135201849,T,0.001923,Pheno_0,0.063941,Unknown
NC_061508.1,135201855,T,0.002353,Pheno_0,0.071484,Unknown
NC_061508.1,135201861,T,0.001786,Pheno_0,0.076406,Unknown
NC_061508.1,135201864,T,0.001923,Pheno_0,0.063941,Unknown
NC_061508.1,135201884,A,0.002273,Pheno_0,0.079726,Unknown
NC_061508.1,135201884,T,0.002273,Pheno_0,0.079726,Unknown
NC_061508.1,135201900,T,0.002564,Pheno_0,0.079862,Unknown
NC_061508.1,135201900,A,0.002083,Pheno_0,0.077413,Unknown
NC_061508.1,135201909,T,0.002778,Pheno_0,0.080513,Unknown
NC_061508.1,135201923,T,0.0025,Pheno_0,0.078905,Unknown
NC_061508.1,135207553,A,0.002031,Pheno_0,-2.319419,Unknown
NC_061508.1,135207568,T,0.001247,Pheno_0,1.598479,Unknown
NC_061508.1,135207569,A,0.001105,Pheno_0,-0.667919,Unknown
NC_061508.1,135207577,T,0.001144,Pheno_0,-1.412086,Unknown
NC_061508.1,135207587,A,0.001154,Pheno_0,-1.427697,Unknown
NC_061508.1,135207595,G,0.001235,Pheno_0,0.985506,Unknown
NC_061508.1,135207603,T,0.002385,Pheno_0,0.724903,Unknown
NC_061508.1,135207610,T,0.0015,Pheno_0,-0.441348,Unknown
NC_061508.1,135207613,T,0.002523,Pheno_0,-0.026335,Unknown
NC_061508.1,135207617,A,0.002063,Pheno_0,-0.630623,Unknown
NC_061508.1,135207617,C,0.001191,Pheno_0,1.511235,Unknown
NC_061508.1,135207620,T,0.001681,Pheno_0,-0.250184,Unknown
NC_061508.1,135207622,C,0.002738,Pheno_0,-0.131973,Unknown
NC_061508.1,135207622,T,0.002041,Pheno_0,-0.542093,Unknown
NC_061508.1,135207627,A,0.001118,Pheno_0,-1.407888,Unknown
NC_061508.1,135207628,T,0.001042,Pheno_0,-0.688203,Unknown
NC_061508.1,135207633,T,0.001495,Pheno_0,-0.439728,Unknown
NC_061508.1,135207640,T,0.001425,Pheno_0,0.397097,Unknown
NC_061508.1,135207642,G,0.001108,Pheno_0,0.574034,Unknown
NC_061508.1,135207648,A,0.001144,Pheno_0,0.813947,Unknown
NC_061508.1,135207648,T,0.001044,Pheno_0,-0.693645,Unknown
NC_061508.1,135207652,T,0.0015,Pheno_0,-0.037398,Unknown
NC_061508.1,135207653,T,0.001266,Pheno_0,0.077889,Unknown
NC_061508.1,135207655,T,0.001423,Pheno_0,0.14926,Unknown
NC_061508.1,135207655,G,0.001065,Pheno_0,-0.662743,Unknown
NC_061508.1,135207657,T,0.001606,Pheno_0,0.074472,Unknown
NC_061508.1,135207657,G,0.001242,Pheno_0,-1.07151,Unknown
NC_061508.1,135207659,T,0.001236,Pheno_0,1.527322,Unknown
NC_061508.1,135207668,C,0.002531,Pheno_0,0.202637,Unknown
NC_061508.1,135207669,T,0.001127,Pheno_0,-0.881382,Unknown
NC_061508.1,135207670,C,0.001501,Pheno_0,1.068002,Unknown
NC_061508.1,135207684,A,0.002445,Pheno_0,-0.028661,Unknown
NC_061508.1,135207689,T,0.001591,Pheno_0,-0.063681,Unknown
NC_061508.1,135207691,T,0.001452,Pheno_0,-1.232727,Unknown
NC_061508.1,135207692,A,0.001786,Pheno_0,0.074325,Unknown
NC_061508.1,135207693,C,0.002597,Pheno_0,0.073775,Unknown
NC_061508.1,135207702,T,0.001835,Pheno_0,0.076831,Unknown
NC_061508.1,135207707,T,0.001709,Pheno_0,0.065952,Unknown
NC_061508.1,135207723,T,0.002632,Pheno_0,0.071631,Unknown
NC_061508.1,135207747,A,0.00339,Pheno_0,0.071544,Unknown
NC_061508.1,135207747,T,0.002353,Pheno_0,0.078424,Unknown
NC_061508.1,135207747,C,0.002353,Pheno_0,0.078424,Unknown
NC_061508.1,135207885,G,0.001316,Pheno_0,0.074856,Unknown
NC_061508.1,135207885,T,0.001143,Pheno_0,0.077736,Unknown
NC_061508.1,135207887,T,0.001374,Pheno_0,-0.258054,Unknown
NC_061508.1,135207887,C,0.001058,Pheno_0,0.075148,Unknown
NC_061508.1,135207888,C,0.001378,Pheno_0,-0.233727,Unknown
NC_061508.1,135207913,T,0.00132,Pheno_0,1.20247,Unknown
NC_061508.1,135207917,T,0.001308,Pheno_0,1.181367,Unknown
NC_061508.1,135207919,C,0.004441,Pheno_0,-0.369737,Unknown
NC_061508.1,135207919,T,0.001422,Pheno_0,1.083914,Unknown
NC_061508.1,135207920,T,0.001299,Pheno_0,0.066012,Unknown
NC_061508.1,135207922,A,0.001932,Pheno_0,0.389537,Unknown
NC_061508.1,135207922,T,0.001211,Pheno_0,-0.216631,Unknown
NC_061508.1,135207926,T,0.001214,Pheno_0,-0.206065,Unknown
NC_061508.1,135207934,C,0.001021,Pheno_0,0.537851,Unknown
NC_061508.1,135207939,G,0.001543,Pheno_0,-0.923116,Unknown
NC_061508.1,135207947,T,0.001637,Pheno_0,-0.143177,Unknown
NC_061508.1,135207949,T,0.002004,Pheno_0,0.56888,Unknown
NC_061508.1,135207949,A,0.00158,Pheno_0,1.687471,Unknown
NC_061508.1,135207959,C,0.001127,Pheno_0,-0.775895,Unknown
NC_061508.1,135207960,T,0.001637,Pheno_0,-0.130387,Unknown
NC_061508.1,135207960,C,0.001146,Pheno_0,0.074439,Unknown
NC_061508.1,135207961,T,0.001026,Pheno_0,0.075135,Unknown
NC_061508.1,135207965,C,0.001775,Pheno_0,-0.201159,Unknown
NC_061508.1,135207965,T,0.00102,Pheno_0,0.075204,Unknown
NC_061508.1,135207970,T,0.001085,Pheno_0,0.509584,Unknown
NC_061508.1,135207971,T,0.002501,Pheno_0,0.333469,Unknown
NC_061508.1,135207977,T,0.002486,Pheno_0,-0.202856,Unknown
NC_061508.1,135207977,A,0.002322,Pheno_0,-0.635618,Unknown
NC_061508.1,135207978,T,0.002041,Pheno_0,0.539847,Unknown
NC_061508.1,135207978,A,0.001393,Pheno_0,-1.364214,Unknown
NC_061508.1,135207983,G,0.002054,Pheno_0,0.539664,Unknown
NC_061508.1,135207986,C,0.001325,Pheno_0,0.065923,Unknown
NC_061508.1,135207988,T,0.001271,Pheno_0,0.07604,Unknown
NC_061508.1,135207990,T,0.001694,Pheno_0,-0.140384,Unknown
NC_061508.1,135207990,A,0.001537,Pheno_0,-0.832207,Unknown
NC_061508.1,135207999,T,0.001628,Pheno_0,0.660235,Unknown
NC_061508.1,135208001,T,0.001596,Pheno_0,1.665476,Unknown
NC_061508.1,135208001,A,0.001014,Pheno_0,0.539061,Unknown
NC_061508.1,135208012,G,0.002045,Pheno_0,-0.313034,Unknown
NC_061508.1,135208015,T,0.001734,Pheno_0,-0.126444,Unknown
NC_061508.1,145110624,T,0.002469,Pheno_0,0.080563,Unknown
NC_061508.1,145110682,A,0.002128,Pheno_0,0.079232,Unknown
NC_061508.1,145110682,T,0.001961,Pheno_0,0.076944,Unknown
NC_061508.1,145110714,T,0.002222,Pheno_0,0.079637,Unknown
NC_061508.1,145110771,T,0.002564,Pheno_0,0.079862,Unknown
NC_061508.1,178683813,T,0.002667,Pheno_0,0.071565,Unknown
NC_061508.1,178683819,T,0.002062,Pheno_0,0.063576,Unknown
NC_061508.1,178683821,A,0.00274,Pheno_0,0.071574,Unknown
NC_061508.1,178683821,T,0.00202,Pheno_0,0.063744,Unknown
NC_061508.1,178683859,T,0.002381,Pheno_0,0.078559,Unknown
NC_061508.1,178683860,T,0.002299,Pheno_0,0.071502,Unknown
NC_061508.1,178683897,T,0.001587,Pheno_0,0.065168,Unknown
NC_061508.1,178683899,T,0.002198,Pheno_0,0.071581,Unknown
NC_061508.1,178683900,T,0.002151,Pheno_0,0.077983,Unknown
NC_061508.1,178683916,T,0.002174,Pheno_0,0.075578,Unknown
NC_061508.1,178683924,T,0.001695,Pheno_0,0.066082,Unknown
NC_061508.1,178683945,T,0.002778,Pheno_0,0.080513,Unknown
NC_061508.1,178683975,T,0.002778,Pheno_0,0.080513,Unknown
NC_061508.1,178684067,T,0.002778,Pheno_0,0.080513,Unknown
NC_061508.1,178684068,T,0.002151,Pheno_0,0.077983,Unknown
NC_061508.1,178684071,T,0.002198,Pheno_0,0.078419,Unknown
NC_061508.1,178684098,T,0.002062,Pheno_0,0.076134,Unknown
NC_061508.1,178684141,T,0.002041,Pheno_0,0.063637,Unknown
NC_061508.1,178684144,C,0.00448,Pheno_0,0.328039,Unknown
NC_061508.1,178684144,T,0.002439,Pheno_0,0.078668,Unknown
NC_061508.1,178684146,T,0.00241,Pheno_0,0.078601,Unknown
NC_061508.1,178684182,T,0.002632,Pheno_0,0.071631,Unknown
NC_061508.1,178684193,T,0.0025,Pheno_0,0.061847,Unknown
NC_061508.1,213823298,T,0.002381,Pheno_0,0.078559,Unknown
NC_061508.1,213823301,T,0.00241,Pheno_0,0.078601,Unknown
NC_061508.1,213823330,T,0.00241,Pheno_0,0.078601,Unknown
NC_061508.1,213823340,T,0.00241,Pheno_0,0.078601,Unknown
NC_061508.1,213823444,T,0.002632,Pheno_0,0.079599,Unknown
NC_061508.1,218553032,T,0.00241,Pheno_0,0.071511,Unknown
NC_061508.1,218553043,T,0.002273,Pheno_0,0.071595,Unknown
NC_061508.1,218553051,A,0.0139,Pheno_0,2.128342,Unknown
NC_061508.1,218553051,T,0.00274,Pheno_0,0.080126,Unknown
NC_061508.1,218553055,A,0.008281,Pheno_0,0.15198,Unknown
NC_061508.1,218553055,T,0.002326,Pheno_0,0.071501,Unknown
NC_061508.1,218553058,G,0.005405,Pheno_0,0.067148,Unknown
NC_061508.1,218553058,T,0.002326,Pheno_0,0.071501,Unknown
NC_061508.1,218553062,A,0.002469,Pheno_0,0.061963,Unknown
NC_061508.1,218553062,T,0.002299,Pheno_0,0.071502,Unknown
NC_061508.1,218553064,T,0.002299,Pheno_0,0.071502,Unknown
NC_061508.1,218553087,T,0.002273,Pheno_0,0.071595,Unknown
NC_061508.1,218553090,T,0.002439,Pheno_0,0.062027,Unknown
NC_061508.1,218553098,T,0.00241,Pheno_0,0.062161,Unknown
NC_061508.1,218553102,T,0.002439,Pheno_0,0.062027,Unknown
NC_061508.1,218553106,T,0.002273,Pheno_0,0.071595,Unknown
NC_061508.1,218553112,T,0.002247,Pheno_0,0.07154,Unknown
NC_061508.1,218553115,T,0.0025,Pheno_0,0.061847,Unknown
NC_061508.1,218553142,T,0.002564,Pheno_0,0.061633,Unknown
NC_061508.1,218553148,T,0.002353,Pheno_0,0.071484,Unknown
NC_061508.1,218553157,G,0.003125,Pheno_0,0.08066,Unknown
NC_061508.1,218553157,T,0.00241,Pheno_0,0.071511,Unknown
NC_061508.1,218553158,T,0.002597,Pheno_0,0.061599,Unknown
NC_061508.1,218553158,A,0.002381,Pheno_0,0.073891,Unknown
NC_061508.1,260196176,T,0.002703,Pheno_0,0.079981,Unknown
NC_061508.1,266486917,T,0.002062,Pheno_0,0.077638,Unknown
NC_061508.1,271217887,T,0.00198,Pheno_0,0.076975,Unknown
NC_061508.1,282798423,T,0.002532,Pheno_0,0.07902,Unknown
NC_061508.1,282798429,C,0.006897,Pheno_0,0.125567,Unknown
NC_061508.1,282798429,A,0.004082,Pheno_0,0.077389,Unknown
NC_061508.1,282798429,T,0.002564,Pheno_0,0.07913,Unknown
NC_061508.1,282798486,T,0.00241,Pheno_0,0.078601,Unknown
NC_061508.1,282798487,A,0.003571,Pheno_0,0.076624,Unknown
NC_061508.1,282798487,T,0.002469,Pheno_0,0.078809,Unknown
NC_061508.1,282798560,A,0.003125,Pheno_0,0.0716,Unknown
NC_061508.1,282798560,T,0.002381,Pheno_0,0.078559,Unknown
NC_061508.1,282798575,G,0.003333,Pheno_0,0.071534,Unknown
NC_061508.1,282798575,T,0.002532,Pheno_0,0.07902,Unknown
NC_061508.1,282798599,C,0.004082,Pheno_0,0.067747,Unknown
NC_061508.1,282798599,T,0.00241,Pheno_0,0.078601,Unknown
NC_061508.1,282798649,T,0.00241,Pheno_0,0.078601,Unknown
NC_061508.1,282798656,T,0.002532,Pheno_0,0.07902,Unknown
NC_061508.1,359867987,T,0.002632,Pheno_0,0.079599,Unknown
NC_061508.1,359868011,T,0.002597,Pheno_0,0.079323,Unknown
NC_061508.1,359868022,T,0.002597,Pheno_0,0.079323,Unknown
NC_061509.1,40849923,T,0.001282,Pheno_0,0.074768,Unknown
NC_061509.1,40849927,T,0.002198,Pheno_0,0.071581,Unknown
NC_061509.1,40849932,T,0.00129,Pheno_0,0.074831,Unknown
NC_061509.1,40849983,T,0.001961,Pheno_0,0.078683,Unknown
NC_061509.1,40849988,A,0.002273,Pheno_0,0.071595,Unknown
NC_061509.1,40849988,T,0.001961,Pheno_0,0.078683,Unknown
NC_061509.1,40850003,T,0.001754,Pheno_0,0.064316,Unknown
NC_061509.1,40850019,T,0.001316,Pheno_0,0.074912,Unknown
NC_061509.1,53776322,T,0.001818,Pheno_0,0.064008,Unknown
NC_061509.1,53776328,T,0.001667,Pheno_0,0.077505,Unknown
NC_061509.1,53776346,T,0.002632,Pheno_0,0.080447,Unknown
NC_061509.1,53776370,T,0.002469,Pheno_0,0.080563,Unknown
NC_061509.1,53776420,T,0.001961,Pheno_0,0.076119,Unknown
NC_061509.1,53776429,T,0.00241,Pheno_0,0.079862,Unknown
NC_061509.1,53776478,T,0.001613,Pheno_0,0.076298,Unknown
NC_061509.1,53776480,T,0.001887,Pheno_0,0.063849,Unknown
NC_061509.1,57980909,T,0.001786,Pheno_0,0.076406,Unknown
NC_061509.1,57980921,G,0.004754,Pheno_0,0.231791,Unknown
NC_061509.1,57980921,T,0.002222,Pheno_0,0.062875,Unknown
NC_061509.1,57980940,A,0.004291,Pheno_0,-0.504134,Unknown
NC_061509.1,57980940,T,0.001852,Pheno_0,0.076773,Unknown
NC_061509.1,57980957,A,0.003571,Pheno_0,0.076624,Unknown
NC_061509.1,57980957,T,0.002778,Pheno_0,0.071582,Unknown
NC_061509.1,57980963,T,0.00202,Pheno_0,0.077522,Unknown
NC_061509.1,57981704,T,0.002564,Pheno_0,0.061633,Unknown
NC_061509.1,57981712,T,0.002105,Pheno_0,0.077545,Unknown
NC_061509.1,57981719,T,0.002778,Pheno_0,0.071582,Unknown
NC_061509.1,57981744,T,0.002041,Pheno_0,0.077556,Unknown
NC_061509.1,57981779,T,0.002062,Pheno_0,0.077638,Unknown
NC_061509.1,57981841,T,0.002326,Pheno_0,0.078424,Unknown
NC_061509.1,63027102,T,0.00274,Pheno_0,0.080486,Unknown
NC_061509.1,63027154,T,0.002532,Pheno_0,0.079863,Unknown
NC_061509.1,63027196,T,0.00241,Pheno_0,0.078601,Unknown
NC_061509.1,63027236,T,0.002597,Pheno_0,0.079898,Unknown
NC_061509.1,64967523,T,0.00274,Pheno_0,0.061427,Unknown
NC_061509.1,64967527,T,0.002703,Pheno_0,0.061536,Unknown
NC_061509.1,64967557,T,0.002778,Pheno_0,0.071582,Unknown
NC_061509.1,64967574,C,0.003226,Pheno_0,0.075719,Unknown
NC_061509.1,64967574,T,0.002632,Pheno_0,0.061641,Unknown
NC_061509.1,64967580,A,0.002632,Pheno_0,0.061641,Unknown
NC_061509.1,64967580,T,0.002381,Pheno_0,0.078559,Unknown
NC_061509.1,64967587,T,0.002597,Pheno_0,0.061599,Unknown
NC_061509.1,64967598,T,0.002381,Pheno_0,0.078559,Unknown
NC_061509.1,64967635,T,0.002703,Pheno_0,0.061536,Unknown
NC_061509.1,64967651,A,0.003125,Pheno_0,0.0716,Unknown
NC_061509.1,64967651,T,0.002439,Pheno_0,0.078668,Unknown
NC_061509.1,76867739,T,0.002353,Pheno_0,0.079809,Unknown
NC_061509.1,76867747,T,0.002299,Pheno_0,0.079751,Unknown
NC_061509.1,76867770,T,0.0016,Pheno_0,0.06529,Unknown
NC_061509.1,76867793,T,0.002128,Pheno_0,0.079232,Unknown
NC_061509.1,76867798,T,0.001481,Pheno_0,0.065525,Unknown
NC_061509.1,76867798,C,0.001481,Pheno_0,0.065525,Unknown
NC_061509.1,76867809,T,0.001504,Pheno_0,0.065382,Unknown
NC_061509.1,76867813,T,0.001961,Pheno_0,0.074066,Unknown
NC_061509.1,76867816,T,0.00155,Pheno_0,0.075425,Unknown
NC_061509.1,76867843,T,0.001493,Pheno_0,0.065411,Unknown
NC_061509.1,76867843,C,0.001493,Pheno_0,0.065411,Unknown
NC_061509.1,76867849,T,0.001923,Pheno_0,0.074155,Unknown
NC_061509.1,76867850,T,0.001538,Pheno_0,0.075783,Unknown
NC_061509.1,76867863,T,0.00146,Pheno_0,0.075514,Unknown
NC_061509.1,76867959,T,0.002041,Pheno_0,0.0761,Unknown
NC_061509.1,76868007,T,0.00198,Pheno_0,0.06347,Unknown
NC_061509.1,76868008,T,0.002381,Pheno_0,0.074228,Unknown
NC_061509.1,76868025,T,0.00202,Pheno_0,0.063744,Unknown
NC_061509.1,76868027,T,0.002,Pheno_0,0.063782,Unknown
NC_061509.1,76868038,T,0.002667,Pheno_0,0.073928,Unknown
NC_061509.1,76868066,T,0.002174,Pheno_0,0.063067,Unknown
NC_061509.1,132437545,T,0.001869,Pheno_0,0.076674,Unknown
NC_061509.1,132437611,T,0.001786,Pheno_0,0.076406,Unknown
NC_061509.1,132437614,A,0.002439,Pheno_0,0.071473,Unknown
NC_061509.1,132437614,T,0.002439,Pheno_0,0.071473,Unknown
NC_061509.1,132437618,T,0.002326,Pheno_0,0.062559,Unknown
NC_061509.1,132437653,T,0.002439,Pheno_0,0.071473,Unknown
NC_061510.1,12135899,T,0.001316,Pheno_0,0.065945,Unknown
NC_061510.1,12135912,T,0.001333,Pheno_0,0.06591,Unknown
NC_061510.1,12135920,T,0.001399,Pheno_0,0.075223,Unknown
NC_061510.1,12135920,C,0.001342,Pheno_0,0.065881,Unknown
NC_061510.1,12135925,T,0.001325,Pheno_0,0.07495,Unknown
NC_061510.1,12135938,T,0.001333,Pheno_0,0.074997,Unknown
NC_061510.1,12135944,T,0.001626,Pheno_0,0.074602,Unknown
NC_061510.1,12135947,T,0.001389,Pheno_0,0.065711,Unknown
NC_061510.1,12136060,A,0.001515,Pheno_0,0.07821,Unknown
NC_061510.1,12136060,T,0.001026,Pheno_0,0.066982,Unknown
NC_061510.1,12136063,T,0.002174,Pheno_0,0.063067,Unknown
NC_061510.1,12136064,T,0.001538,Pheno_0,0.078226,Unknown
NC_061510.1,12136069,T,0.001333,Pheno_0,0.074839,Unknown
NC_061510.1,12136077,T,0.001299,Pheno_0,0.074881,Unknown
NC_061510.1,12136080,T,0.001274,Pheno_0,0.074914,Unknown
NC_061510.1,12136098,T,0.001031,Pheno_0,0.073969,Unknown
NC_061510.1,12136108,T,0.002367,Pheno_0,0.888057,Unknown
NC_061510.1,12136108,A,0.001471,Pheno_0,0.078125,Unknown
NC_061510.1,12136116,T,0.001026,Pheno_0,0.07397,Unknown
NC_061510.1,12136136,T,0.00129,Pheno_0,0.074892,Unknown
NC_061510.1,12136137,T,0.001493,Pheno_0,0.078123,Unknown
NC_061510.1,12136137,A,0.001005,Pheno_0,0.073876,Unknown
NC_061510.1,12136187,T,0.001881,Pheno_0,0.235983,Unknown
NC_061510.1,12136188,T,0.001762,Pheno_0,0.076141,Unknown
NC_061510.1,12136189,T,0.00146,Pheno_0,0.078143,Unknown
NC_061510.1,12136190,T,0.00198,Pheno_0,0.076975,Unknown
NC_061510.1,33570555,T,0.00274,Pheno_0,0.080126,Unknown
NC_061510.1,59643799,T,0.002273,Pheno_0,0.078174,Unknown
NC_061510.1,59643835,C,0.004545,Pheno_0,0.067548,Unknown
NC_061510.1,59643835,T,0.002667,Pheno_0,0.071565,Unknown
NC_061510.1,59643847,T,0.002151,Pheno_0,0.077983,Unknown
NC_061510.1,59643909,T,0.002326,Pheno_0,0.062559,Unknown
NC_061510.1,59643944,T,0.002778,Pheno_0,0.061365,Unknown
NC_061510.1,59644242,T,0.002,Pheno_0,0.076089,Unknown
NC_061510.1,59644290,T,0.001835,Pheno_0,0.075911,Unknown
NC_061510.1,59644309,T,0.001802,Pheno_0,0.076124,Unknown
NC_061510.1,198996085,T,0.002778,Pheno_0,0.073963,Unknown
NC_061510.1,206372661,T,0.002632,Pheno_0,0.080447,Unknown
NC_061510.1,206372664,A,0.003846,Pheno_0,0.067679,Unknown
NC_061510.1,206372664,T,0.00198,Pheno_0,0.076975,Unknown
NC_061510.1,206372673,A,0.007434,Pheno_0,-0.394034,Unknown
NC_061510.1,206372673,T,0.00198,Pheno_0,0.076975,Unknown
NC_061510.1,206372675,T,0.002,Pheno_0,0.077422,Unknown
NC_061510.1,206372687,T,0.002326,Pheno_0,0.079791,Unknown
NC_061510.1,206372700,T,0.002151,Pheno_0,0.063315,Unknown
NC_061510.1,206372708,C,0.003704,Pheno_0,0.067878,Unknown
NC_061510.1,206372708,T,0.002632,Pheno_0,0.071631,Unknown
NC_061510.1,206372714,T,0.002667,Pheno_0,0.071565,Unknown
NC_061510.1,206372721,T,0.001802,Pheno_0,0.076466,Unknown
NC_061510.1,206372723,A,0.003636,Pheno_0,0.080976,Unknown
NC_061510.1,206372723,T,0.002299,Pheno_0,0.079751,Unknown
NC_061510.1,206372725,T,0.002247,Pheno_0,0.079669,Unknown
NC_061510.1,206372760,T,0.002597,Pheno_0,0.071555,Unknown
NC_061510.1,206372764,A,0.003929,Pheno_0,-0.305937,Unknown
NC_061510.1,206372764,G,0.002597,Pheno_0,0.071555,Unknown
NC_061510.1,206372764,T,0.002247,Pheno_0,0.079669,Unknown
NC_061510.1,206372773,T,0.002597,Pheno_0,0.071555,Unknown
NC_061510.1,206372796,T,0.002353,Pheno_0,0.079809,Unknown
NC_061510.1,206372796,A,0.001869,Pheno_0,0.076674,Unknown
NC_061510.1,206372798,T,0.001818,Pheno_0,0.076405,Unknown
NC_061510.1,206372806,T,0.002326,Pheno_0,0.079791,Unknown
NC_061510.1,206372814,T,0.001852,Pheno_0,0.076773,Unknown
NC_061510.1,206372819,A,0.020611,Pheno_0,0.661368,Unknown
NC_061510.1,206372819,T,0.00274,Pheno_0,0.071574,Unknown
NC_061510.1,206372823,A,0.007822,Pheno_0,-0.14586,Unknown
NC_061510.1,206372823,T,0.001887,Pheno_0,0.076715,Unknown
NC_061510.1,206372845,T,0.00198,Pheno_0,0.076975,Unknown
NC_061510.1,206372861,A,0.007618,Pheno_0,-0.170022,Unknown
NC_061510.1,206372861,T,0.0025,Pheno_0,0.061847,Unknown
NC_061510.1,218415346,T,0.001942,Pheno_0,0.075836,Unknown
NC_061510.1,218415364,T,0.001709,Pheno_0,0.077606,Unknown
NC_061510.1,218415386,T,0.001724,Pheno_0,0.066021,Unknown
NC_061510.1,218415390,T,0.002667,Pheno_0,0.080214,Unknown
NC_061510.1,218415408,T,0.001786,Pheno_0,0.076406,Unknown
NC_061510.1,218415439,T,0.001923,Pheno_0,0.077055,Unknown
NC_061510.1,218415444,A,0.003226,Pheno_0,0.075719,Unknown
NC_061510.1,218415444,T,0.002439,Pheno_0,0.071473,Unknown
NC_061510.1,218415445,A,0.004,Pheno_0,0.06788,Unknown
NC_061510.1,218415445,T,0.0025,Pheno_0,0.071554,Unknown
NC_061510.1,218415452,T,0.00202,Pheno_0,0.077522,Unknown
NC_061510.1,218415457,A,0.004167,Pheno_0,0.068282,Unknown
NC_061510.1,218415457,T,0.002,Pheno_0,0.063782,Unknown
NC_061510.1,218415467,T,0.002174,Pheno_0,0.063067,Unknown
NC_061510.1,364824552,T,0.002128,Pheno_0,0.06314,Unknown
NC_061510.1,364824604,T,0.00202,Pheno_0,0.063744,Unknown
NC_061510.1,364824605,T,0.00274,Pheno_0,0.080486,Unknown
NC_061510.1,364824607,T,0.002,Pheno_0,0.063782,Unknown
NC_061510.1,364824612,T,0.001802,Pheno_0,0.076124,Unknown
NC_061510.1,364824623,T,0.00202,Pheno_0,0.063744,Unknown
NC_061510.1,364824653,T,0.002778,Pheno_0,0.080513,Unknown
NC_061510.1,364824666,T,0.002703,Pheno_0,0.074146,Unknown
NC_061510.1,364824775,T,0.002703,Pheno_0,0.079981,Unknown
NC_061510.1,364824793,T,0.002353,Pheno_0,0.071484,Unknown
NC_061510.1,364824796,T,0.002326,Pheno_0,0.071501,Unknown
NC_061510.1,364824834,T,0.002469,Pheno_0,0.071553,Unknown
NC_061511.1,531484,T,0.002299,Pheno_0,0.078282,Unknown
NC_061511.1,102130556,T,0.002632,Pheno_0,0.080447,Unknown
NC_061511.1,102130565,T,0.001961,Pheno_0,0.063572,Unknown
NC_061511.1,102130599,T,0.002469,Pheno_0,0.071553,Unknown
NC_061511.1,102130615,T,0.002532,Pheno_0,0.071571,Unknown
NC_061511.1,102130623,T,0.002778,Pheno_0,0.080513,Unknown
NC_061511.1,127878538,T,0.00274,Pheno_0,0.080486,Unknown
NC_061511.1,127878548,T,0.002632,Pheno_0,0.080447,Unknown
NC_061511.1,127878549,T,0.001869,Pheno_0,0.076674,Unknown
NC_061511.1,127878549,A,0.00177,Pheno_0,0.063929,Unknown
NC_061511.1,127878562,T,0.001724,Pheno_0,0.066021,Unknown
NC_061511.1,127878602,T,0.002439,Pheno_0,0.071473,Unknown
NC_061511.1,127878608,T,0.001681,Pheno_0,0.077706,Unknown
NC_061511.1,127878608,G,0.001613,Pheno_0,0.065303,Unknown
NC_061511.1,127878620,T,0.001695,Pheno_0,0.077637,Unknown
NC_061511.1,127878621,T,0.002381,Pheno_0,0.079838,Unknown
NC_061511.1,127878630,T,0.001695,Pheno_0,0.077637,Unknown
NC_061511.1,127878699,T,0.002532,Pheno_0,0.079863,Unknown
NC_061511.1,127878710,T,0.002778,Pheno_0,0.071582,Unknown
NC_061511.1,127878716,T,0.002667,Pheno_0,0.073928,Unknown
NC_061511.1,159337192,T,0.002667,Pheno_0,0.080214,Unknown
NC_061511.1,159337199,T,0.00198,Pheno_0,0.076975,Unknown
NC_061511.1,159337237,T,0.002632,Pheno_0,0.080447,Unknown
NC_061511.1,159337245,T,0.002247,Pheno_0,0.07154,Unknown
NC_061511.1,159337266,T,0.002198,Pheno_0,0.071581,Unknown
NC_061511.1,159337276,T,0.002151,Pheno_0,0.063315,Unknown
NC_061511.1,159337304,T,0.002198,Pheno_0,0.071581,Unknown
NC_061511.1,159337311,A,0.002198,Pheno_0,0.071581,Unknown
NC_061511.1,159337311,T,0.002151,Pheno_0,0.063315,Unknown
NC_061511.1,159337313,T,0.002151,Pheno_0,0.063315,Unknown
NC_061511.1,159337314,A,0.002198,Pheno_0,0.071581,Unknown
NC_061511.1,159337314,T,0.002151,Pheno_0,0.063315,Unknown
NC_061511.1,159337321,T,0.002198,Pheno_0,0.063428,Unknown
NC_061511.1,159337349,T,0.002222,Pheno_0,0.071551,Unknown
NC_061511.1,159337360,T,0.00274,Pheno_0,0.080486,Unknown
NC_061511.1,159337378,A,0.002198,Pheno_0,0.071581,Unknown
NC_061511.1,159337378,T,0.002198,Pheno_0,0.071581,Unknown
NC_061511.1,159337383,T,0.001942,Pheno_0,0.076857,Unknown
NC_061511.1,162624706,T,0.002381,Pheno_0,0.074228,Unknown
NC_061511.1,162624876,T,0.0025,Pheno_0,0.074025,Unknown
NC_061511.1,162624889,T,0.002381,Pheno_0,0.074228,Unknown
NC_061511.1,179997354,T,0.002632,Pheno_0,0.079599,Unknown
NC_061511.1,179997354,C,0.001887,Pheno_0,0.063849,Unknown
NC_061511.1,179997359,T,0.001802,Pheno_0,0.06418,Unknown
NC_061511.1,179997360,A,0.006452,Pheno_0,0.061749,Unknown
NC_061511.1,179997360,T,0.002564,Pheno_0,0.07913,Unknown
NC_061511.1,179997380,T,0.002469,Pheno_0,0.078809,Unknown
NC_061511.1,179997380,G,0.002299,Pheno_0,0.071502,Unknown
NC_061511.1,179997405,T,0.002105,Pheno_0,0.075549,Unknown
NC_061511.1,179997414,T,0.0025,Pheno_0,0.079917,Unknown
NC_061511.1,179997419,A,0.002532,Pheno_0,0.079863,Unknown
NC_061511.1,179997419,T,0.002062,Pheno_0,0.076134,Unknown
NC_061511.1,179997427,T,0.001786,Pheno_0,0.06423,Unknown
NC_061511.1,179997434,T,0.002439,Pheno_0,0.071473,Unknown
NC_061511.1,179997436,T,0.002326,Pheno_0,0.071501,Unknown
NC_061511.1,179997446,T,0.002353,Pheno_0,0.071484,Unknown
NC_061511.1,179997477,T,0.002273,Pheno_0,0.062671,Unknown
NC_061511.1,199210116,T,0.002778,Pheno_0,0.073963,Unknown
NC_061511.1,199210133,T,0.002151,Pheno_0,0.077983,Unknown
NC_061511.1,199210179,T,0.002632,Pheno_0,0.074244,Unknown
NC_061511.1,199210181,T,0.00274,Pheno_0,0.074027,Unknown
NC_061511.1,199210182,T,0.002041,Pheno_0,0.0761,Unknown
NC_061511.1,199210210,T,0.002128,Pheno_0,0.077652,Unknown
NC_061511.1,199210255,T,0.002299,Pheno_0,0.071502,Unknown
NC_061511.1,199210260,T,0.002353,Pheno_0,0.071484,Unknown
NC_061511.1,199210264,T,0.00274,Pheno_0,0.061427,Unknown
NC_061511.1,199210297,T,0.002469,Pheno_0,0.078809,Unknown
NC_061511.1,199210372,T,0.002469,Pheno_0,0.071553,Unknown
NC_061511.1,205780018,T,0.001852,Pheno_0,0.076773,Unknown
NC_061511.1,205780018,C,0.001852,Pheno_0,0.076773,Unknown
NC_061511.1,205780019,T,0.002597,Pheno_0,0.073775,Unknown
NC_061511.1,205780028,T,0.001852,Pheno_0,0.07595,Unknown
NC_061511.1,205780037,A,0.002326,Pheno_0,0.079791,Unknown
NC_061511.1,205780037,T,0.001802,Pheno_0,0.06418,Unknown
NC_061511.1,205780045,A,0.001869,Pheno_0,0.07585,Unknown
NC_061511.1,205780045,T,0.001802,Pheno_0,0.06418,Unknown
NC_061511.1,205780047,A,0.006029,Pheno_0,-0.833576,Unknown
NC_061511.1,205780047,T,0.0025,Pheno_0,0.074025,Unknown
NC_061511.1,205780063,T,0.002299,Pheno_0,0.079751,Unknown
NC_061511.1,205780064,T,0.002299,Pheno_0,0.079751,Unknown
NC_061511.1,205780066,G,0.004038,Pheno_0,-0.499965,Unknown
NC_061511.1,205780066,T,0.002299,Pheno_0,0.079751,Unknown
NC_061511.1,205780075,T,0.001818,Pheno_0,0.076144,Unknown
NC_061511.1,205780077,T,0.002299,Pheno_0,0.079751,Unknown
NC_061511.1,205780086,A,0.0025,Pheno_0,0.074025,Unknown
NC_061511.1,205780086,T,0.001724,Pheno_0,0.077777,Unknown
NC_061511.1,205780088,A,0.001754,Pheno_0,0.064316,Unknown
NC_061511.1,205780088,T,0.001754,Pheno_0,0.064316,Unknown
NC_061511.1,205780090,T,0.001739,Pheno_0,0.077924,Unknown
NC_061511.1,205780090,G,0.001739,Pheno_0,0.077924,Unknown
NC_061511.1,205780091,A,0.008903,Pheno_0,-0.812791,Unknown
NC_061511.1,205780091,T,0.001724,Pheno_0,0.077777,Unknown
NC_061511.1,205780118,A,0.003593,Pheno_0,-0.142589,Unknown
NC_061511.1,205780118,T,0.002564,Pheno_0,0.073818,Unknown
NC_061511.1,205780119,T,0.002597,Pheno_0,0.073775,Unknown
NC_061511.1,205780124,A,0.001802,Pheno_0,0.06418,Unknown
NC_061511.1,205780124,T,0.001802,Pheno_0,0.06418,Unknown
NC_061511.1,205780125,A,0.005128,Pheno_0,0.066439,Unknown
NC_061511.1,205780125,T,0.00177,Pheno_0,0.063929,Unknown
NC_061511.1,205780126,T,0.001802,Pheno_0,0.06418,Unknown
NC_061511.1,205780126,G,0.001802,Pheno_0,0.06418,Unknown
NC_061511.1,205780132,G,0.001835,Pheno_0,0.075911,Unknown
NC_061511.1,205780132,T,0.001739,Pheno_0,0.077924,Unknown
NC_061511.1,205780137,A,0.007208,Pheno_0,0.020916,Unknown
NC_061511.1,205780137,T,0.001786,Pheno_0,0.06423,Unknown
NC_061511.1,205780137,C,0.001786,Pheno_0,0.06423,Unknown
NC_061511.1,205780143,T,0.002564,Pheno_0,0.073818,Unknown
NC_061511.1,205780144,T,0.001739,Pheno_0,0.077924,Unknown
NC_061511.1,205780147,C,0.002381,Pheno_0,0.079838,Unknown
NC_061511.1,205780147,G,0.002381,Pheno_0,0.079838,Unknown
NC_061511.1,205780147,T,0.001835,Pheno_0,0.075911,Unknown
NC_061511.1,205780155,T,0.002597,Pheno_0,0.073775,Unknown
NC_061511.1,205780193,A,0.002041,Pheno_0,0.063637,Unknown
NC_061511.1,205780193,T,0.002041,Pheno_0,0.063637,Unknown
NC_061511.1,220315578,T,0.002667,Pheno_0,0.079442,Unknown
NC_061511.1,250495892,T,0.002703,Pheno_0,0.079981,Unknown
NC_061511.1,250495910,T,0.002703,Pheno_0,0.079981,Unknown
NC_061511.1,250495913,T,0.002703,Pheno_0,0.079981,Unknown
NC_061511.1,250499239,T,0.002439,Pheno_0,0.062027,Unknown
NC_061511.1,250499262,T,0.002564,Pheno_0,0.07913,Unknown
NC_061512.1,16634327,T,0.002667,Pheno_0,0.071565,Unknown
NC_061512.1,16634330,T,0.002632,Pheno_0,0.080447,Unknown
NC_061512.1,16634370,T,0.002469,Pheno_0,0.071553,Unknown
NC_061512.1,16634388,T,0.002532,Pheno_0,0.061745,Unknown
NC_061512.1,16634427,T,0.002439,Pheno_0,0.071473,Unknown
NC_061512.1,16634442,T,0.001538,Pheno_0,0.075783,Unknown
NC_061512.1,16634486,T,0.001667,Pheno_0,0.077505,Unknown
NC_061512.1,88904362,T,0.002273,Pheno_0,0.078174,Unknown
NC_061512.1,92907919,T,0.002597,Pheno_0,0.079323,Unknown
NC_061512.1,92907920,T,0.002597,Pheno_0,0.079323,Unknown
NC_061512.1,92908005,T,0.002667,Pheno_0,0.079442,Unknown
NC_061512.1,92908828,T,0.002222,Pheno_0,0.071551,Unknown
NC_061512.1,92908912,T,0.002381,Pheno_0,0.062316,Unknown
NC_061512.1,92908916,A,0.003448,Pheno_0,0.076045,Unknown
NC_061512.1,92908916,T,0.002381,Pheno_0,0.062316,Unknown
NC_061512.1,92908960,T,0.001786,Pheno_0,0.076133,Unknown
NC_061512.1,92908967,T,0.001887,Pheno_0,0.076715,Unknown
NC_061512.1,92909168,A,0.004,Pheno_0,0.077328,Unknown
NC_061512.1,92909168,T,0.002632,Pheno_0,0.071631,Unknown
NC_061512.1,92909245,T,0.001639,Pheno_0,0.07608,Unknown
NC_061512.1,92909284,T,0.001667,Pheno_0,0.076052,Unknown
NC_061512.1,92909293,T,0.00241,Pheno_0,0.062161,Unknown
NC_061512.1,92909297,T,0.002439,Pheno_0,0.062027,Unknown
NC_061512.1,92909318,T,0.002198,Pheno_0,0.078419,Unknown
NC_061512.1,92909319,T,0.001905,Pheno_0,0.076062,Unknown
NC_061512.1,92909342,T,0.001961,Pheno_0,0.076119,Unknown
NC_061512.1,92909387,T,0.002532,Pheno_0,0.071571,Unknown
NC_061512.1,92909419,T,0.002381,Pheno_0,0.073891,Unknown
NC_061512.1,92909425,T,0.002597,Pheno_0,0.079323,Unknown
NC_061512.1,92909434,T,0.002353,Pheno_0,0.062371,Unknown
NC_061512.1,92909436,T,0.002381,Pheno_0,0.062316,Unknown
NC_061512.1,92909445,T,0.00241,Pheno_0,0.078601,Unknown
NC_061512.1,92909449,T,0.00241,Pheno_0,0.078601,Unknown
NC_061512.1,92909498,T,0.002247,Pheno_0,0.078117,Unknown
NC_061512.1,92909537,T,0.002439,Pheno_0,0.078668,Unknown
NC_061512.1,92909552,C,0.002353,Pheno_0,0.062371,Unknown
NC_061512.1,92909552,T,0.002299,Pheno_0,0.078282,Unknown
NC_061512.1,92909563,T,0.002353,Pheno_0,0.062371,Unknown
NC_061512.1,92909563,A,0.002222,Pheno_0,0.071551,Unknown
NC_061512.1,92909626,T,0.002632,Pheno_0,0.079599,Unknown
NC_061512.1,92909653,T,0.002778,Pheno_0,0.080323,Unknown
NC_061512.1,107360629,T,0.002299,Pheno_0,0.071502,Unknown
NC_061512.1,107360683,C,0.002985,Pheno_0,0.080083,Unknown
NC_061512.1,107360683,T,0.002778,Pheno_0,0.080323,Unknown
NC_061512.1,107360685,A,0.003509,Pheno_0,0.068126,Unknown
NC_061512.1,107360685,T,0.002326,Pheno_0,0.071501,Unknown
NC_061512.1,107360705,T,0.002273,Pheno_0,0.071595,Unknown
NC_061512.1,107360767,T,0.002273,Pheno_0,0.071595,Unknown
NC_061512.1,107360786,T,0.002299,Pheno_0,0.071502,Unknown
NC_061512.1,107360846,T,0.00274,Pheno_0,0.080126,Unknown
NC_061512.1,107360852,A,0.003333,Pheno_0,0.056431,Unknown
NC_061512.1,107360852,T,0.002247,Pheno_0,0.07154,Unknown
NC_061512.1,107360857,G,0.101552,Pheno_0,1.153531,Unknown
NC_061512.1,107360857,T,0.002299,Pheno_0,0.071502,Unknown
NC_061512.1,107360867,A,0.002778,Pheno_0,0.080323,Unknown
NC_061512.1,107360867,T,0.002273,Pheno_0,0.071595,Unknown
NC_061512.1,107360868,T,0.002299,Pheno_0,0.071502,Unknown
NC_061512.1,129671425,T,0.002632,Pheno_0,0.080447,Unknown
NC_061512.1,129671425,A,0.001905,Pheno_0,0.063739,Unknown
NC_061512.1,129671428,T,0.001852,Pheno_0,0.076773,Unknown
NC_061512.1,129671432,A,0.002532,Pheno_0,0.073897,Unknown
NC_061512.1,129671432,T,0.001923,Pheno_0,0.077055,Unknown
NC_061512.1,129671434,T,0.001835,Pheno_0,0.075911,Unknown
NC_061512.1,129671438,T,0.001835,Pheno_0,0.076831,Unknown
NC_061512.1,129671443,T,0.001923,Pheno_0,0.063941,Unknown
NC_061512.1,129671444,T,0.002597,Pheno_0,0.079898,Unknown
NC_061512.1,129671444,G,0.001852,Pheno_0,0.076773,Unknown
NC_061512.1,129671453,T,0.002564,Pheno_0,0.073818,Unknown
NC_061512.1,129671455,T,0.001961,Pheno_0,0.063572,Unknown
NC_061512.1,129671455,A,0.001887,Pheno_0,0.076715,Unknown
NC_061512.1,129671472,T,0.002597,Pheno_0,0.079898,Unknown
NC_061512.1,129671475,T,0.001887,Pheno_0,0.076715,Unknown
NC_061512.1,129671477,T,0.001852,Pheno_0,0.076773,Unknown
NC_061512.1,129671479,T,0.002564,Pheno_0,0.073818,Unknown
NC_061512.1,129671494,T,0.002632,Pheno_0,0.080447,Unknown
NC_061512.1,129671513,A,0.002632,Pheno_0,0.080447,Unknown
NC_061512.1,129671513,T,0.001852,Pheno_0,0.07595,Unknown
NC_061512.1,129671524,T,0.001835,Pheno_0,0.075911,Unknown
NC_061512.1,129671541,T,0.001905,Pheno_0,0.076062,Unknown
NC_061512.1,129671558,A,0.00274,Pheno_0,0.074027,Unknown
NC_061512.1,129671558,T,0.00274,Pheno_0,0.074027,Unknown
NC_061512.1,129671566,A,0.016374,Pheno_0,0.01743,Unknown
NC_061512.1,129671566,T,0.002,Pheno_0,0.077422,Unknown
NC_061512.1,129671567,A,0.007383,Pheno_0,0.040453,Unknown
NC_061512.1,129671567,T,0.002247,Pheno_0,0.078117,Unknown
NC_061512.1,129671569,T,0.002083,Pheno_0,0.076111,Unknown
NC_061512.1,129671722,T,0.00202,Pheno_0,0.063744,Unknown
NC_061512.1,129671722,A,0.001923,Pheno_0,0.077055,Unknown
NC_061512.1,129671729,T,0.001887,Pheno_0,0.076715,Unknown
NC_061512.1,129671734,T,0.001887,Pheno_0,0.075933,Unknown
NC_061512.1,129671742,A,0.00566,Pheno_0,0.121322,Unknown
NC_061512.1,129671742,T,0.001887,Pheno_0,0.076715,Unknown
NC_061512.1,129671755,A,0.001835,Pheno_0,0.076831,Unknown
NC_061512.1,129671755,T,0.001835,Pheno_0,0.076831,Unknown
NC_061512.1,129671759,T,0.001802,Pheno_0,0.076124,Unknown
NC_061512.1,129671764,T,0.001852,Pheno_0,0.07595,Unknown
NC_061512.1,129671768,T,0.002,Pheno_0,0.063782,Unknown
NC_061512.1,129671768,C,0.001818,Pheno_0,0.076405,Unknown
NC_061512.1,129671770,T,0.002667,Pheno_0,0.080214,Unknown
NC_061512.1,129671776,T,0.001887,Pheno_0,0.075933,Unknown
NC_061512.1,129671776,C,0.001887,Pheno_0,0.075933,Unknown
NC_061512.1,129671779,A,0.004469,Pheno_0,0.531696,Unknown
NC_061512.1,129671779,T,0.001869,Pheno_0,0.07585,Unknown
NC_061512.1,129671782,T,0.002,Pheno_0,0.063782,Unknown
NC_061512.1,129671782,A,0.001852,Pheno_0,0.076773,Unknown
NC_061512.1,129671789,T,0.001961,Pheno_0,0.063572,Unknown
NC_061512.1,129671791,A,0.004505,Pheno_0,0.735641,Unknown
NC_061512.1,129671791,T,0.002703,Pheno_0,0.080517,Unknown
NC_061512.1,129671794,G,0.00202,Pheno_0,0.063744,Unknown
NC_061512.1,129671794,T,0.001869,Pheno_0,0.07585,Unknown
NC_061512.1,129671795,T,0.001818,Pheno_0,0.076144,Unknown
NC_061512.1,129671797,T,0.001923,Pheno_0,0.063941,Unknown
NC_061512.1,129671804,T,0.001923,Pheno_0,0.063941,Unknown
NC_061512.1,129671807,A,0.001942,Pheno_0,0.063615,Unknown
NC_061512.1,129671807,T,0.001818,Pheno_0,0.076405,Unknown
NC_061512.1,129671814,A,0.008389,Pheno_0,-1.432141,Unknown
NC_061512.1,129671814,T,0.001802,Pheno_0,0.076466,Unknown
NC_061512.1,129671819,G,0.002564,Pheno_0,0.079862,Unknown
NC_061512.1,129671819,T,0.001942,Pheno_0,0.063615,Unknown
NC_061512.1,129671824,T,0.0025,Pheno_0,0.074025,Unknown
NC_061512.1,129671831,A,0.001923,Pheno_0,0.063941,Unknown
NC_061512.1,129671831,T,0.001923,Pheno_0,0.063941,Unknown
NC_061512.1,129671835,A,0.00445,Pheno_0,-0.660487,Unknown
NC_061512.1,129671835,T,0.0025,Pheno_0,0.074025,Unknown
NC_061512.1,237756603,T,0.00274,Pheno_0,0.061427,Unknown
NC_061512.1,237756678,T,0.00177,Pheno_0,0.075997,Unknown
NC_061512.1,237756681,T,0.002326,Pheno_0,0.079791,Unknown
NC_061512.1,237756729,T,0.002597,Pheno_0,0.071555,Unknown
NC_061512.1,237756746,T,0.001869,Pheno_0,0.076674,Unknown
NC_061512.1,237756778,T,0.002469,Pheno_0,0.080563,Unknown
NC_061512.1,237757501,T,0.002632,Pheno_0,0.061641,Unknown
NC_061512.1,237757501,C,0.002632,Pheno_0,0.061641,Unknown
NC_061513.1,39423074,T,0.002083,Pheno_0,0.077413,Unknown
NC_061513.1,39423124,T,0.002326,Pheno_0,0.062559,Unknown
NC_061513.1,39423153,C,0.003922,Pheno_0,0.068343,Unknown
NC_061513.1,39423153,T,0.002353,Pheno_0,0.062371,Unknown
NC_061513.1,39423178,T,0.002326,Pheno_0,0.062559,Unknown
NC_061513.1,162632015,T,0.00198,Pheno_0,0.078703,Unknown
NC_061513.1,162632019,T,0.002632,Pheno_0,0.061641,Unknown
NC_061513.1,162632029,T,0.001471,Pheno_0,0.075449,Unknown
NC_061513.1,162632048,G,0.002899,Pheno_0,0.073775,Unknown
NC_061513.1,162632048,T,0.001786,Pheno_0,0.078528,Unknown
NC_061513.1,162632051,T,0.002778,Pheno_0,0.080323,Unknown
NC_061513.1,162632051,C,0.001786,Pheno_0,0.078528,Unknown
NC_061513.1,162632058,A,0.002299,Pheno_0,0.0626,Unknown
NC_061513.1,162632058,G,0.002299,Pheno_0,0.0626,Unknown
NC_061513.1,162632058,T,0.001786,Pheno_0,0.078528,Unknown
NC_061513.1,162632086,A,0.007833,Pheno_0,0.157263,Unknown
NC_061513.1,162632086,T,0.001739,Pheno_0,0.07855,Unknown
NC_061513.1,162632099,G,0.005578,Pheno_0,-0.083794,Unknown
NC_061513.1,162632099,T,0.001739,Pheno_0,0.07855,Unknown
NC_061513.1,162632106,T,0.002273,Pheno_0,0.062671,Unknown
NC_061513.1,162632106,G,0.001739,Pheno_0,0.07855,Unknown
NC_061513.1,162632109,T,0.001739,Pheno_0,0.07855,Unknown
NC_061513.1,162632158,T,0.001739,Pheno_0,0.07855,Unknown
NC_061513.1,162632183,T,0.001754,Pheno_0,0.078574,Unknown
NC_061513.1,162632191,A,0.003125,Pheno_0,0.0716,Unknown
NC_061513.1,162632191,T,0.001739,Pheno_0,0.07855,Unknown
NC_061513.1,162632196,A,0.002273,Pheno_0,0.062671,Unknown
NC_061513.1,162632196,T,0.002273,Pheno_0,0.062671,Unknown
NC_061513.1,162632197,A,0.009231,Pheno_0,0.137544,Unknown
NC_061513.1,162632197,T,0.00137,Pheno_0,0.075122,Unknown
NC_061513.1,162632197,C,0.00137,Pheno_0,0.075122,Unknown
NC_061513.1,162632202,T,0.001399,Pheno_0,0.075223,Unknown
NC_061513.1,162632216,C,0.005578,Pheno_0,0.635993,Unknown
NC_061513.1,162632216,A,0.001835,Pheno_0,0.078641,Unknown
NC_061513.1,162632216,T,0.001418,Pheno_0,0.075359,Unknown
NC_061513.1,191060379,T,0.002041,Pheno_0,0.078914,Unknown
NC_061513.1,191060383,T,0.002041,Pheno_0,0.078914,Unknown
NC_061513.1,191060395,T,0.002062,Pheno_0,0.077638,Unknown
NC_061513.1,191060401,T,0.002041,Pheno_0,0.077556,Unknown
NC_061513.1,191060409,T,0.00202,Pheno_0,0.078807,Unknown
NC_061513.1,191060438,T,0.00202,Pheno_0,0.077522,Unknown
NC_061513.1,191060438,G,0.00202,Pheno_0,0.077522,Unknown
NC_061513.1,191060443,A,0.00404,Pheno_0,0.009283,Unknown
NC_061513.1,191060443,C,0.002941,Pheno_0,0.059649,Unknown
NC_061513.1,191060443,T,0.00202,Pheno_0,0.078807,Unknown
NC_061513.1,191060452,T,0.00202,Pheno_0,0.078807,Unknown
NC_061513.1,191060455,T,0.00202,Pheno_0,0.077522,Unknown
NC_061513.1,191060457,A,0.00202,Pheno_0,0.077522,Unknown
NC_061513.1,191060457,T,0.00202,Pheno_0,0.078807,Unknown
NC_061513.1,191060499,T,0.00202,Pheno_0,0.077522,Unknown
NC_061513.1,191060505,A,0.011061,Pheno_0,0.367261,Unknown
NC_061513.1,191060505,T,0.00202,Pheno_0,0.078807,Unknown
NC_061513.1,191060520,T,0.00202,Pheno_0,0.077522,Unknown
NC_061513.1,191060523,T,0.002062,Pheno_0,0.077638,Unknown
NC_061513.1,191060532,T,0.002083,Pheno_0,0.077413,Unknown
NC_061513.1,191060548,T,0.002041,Pheno_0,0.078914,Unknown
NC_061513.1,191060554,T,0.00202,Pheno_0,0.078807,Unknown
NC_061513.1,215589712,A,0.002326,Pheno_0,0.071501,Unknown
NC_061513.1,215589712,T,0.002128,Pheno_0,0.077652,Unknown
NC_061513.1,215589719,T,0.002439,Pheno_0,0.071473,Unknown
NC_061513.1,215589729,T,0.002128,Pheno_0,0.077652,Unknown
NC_061513.1,215589776,T,0.002062,Pheno_0,0.077638,Unknown
NC_061513.1,215589803,T,0.002151,Pheno_0,0.077983,Unknown
NC_061513.1,215589821,T,0.002273,Pheno_0,0.078174,Unknown
NC_061513.1,215589846,T,0.002469,Pheno_0,0.078809,Unknown
NC_061513.1,276542101,T,0.001156,Pheno_0,0.075013,Unknown
NC_061513.1,276542122,T,0.001117,Pheno_0,0.075077,Unknown
NC_061513.1,276542132,T,0.001036,Pheno_0,0.066913,Unknown
NC_061513.1,276542135,T,0.00263,Pheno_0,-0.309465,Unknown
NC_061513.1,276542146,T,0.001036,Pheno_0,0.066913,Unknown
NC_061513.1,276542168,A,0.001015,Pheno_0,0.075062,Unknown
NC_061513.1,276542168,T,0.001015,Pheno_0,0.075062,Unknown
NC_061513.1,276542203,T,0.001262,Pheno_0,0.074679,Unknown
NC_061513.1,276542204,T,0.001865,Pheno_0,-0.307513,Unknown
NC_061513.1,276542205,T,0.001945,Pheno_0,-0.142981,Unknown
NC_061513.1,276542224,T,0.001446,Pheno_0,-0.523871,Unknown
NC_061513.1,276542258,T,0.001854,Pheno_0,-0.371956,Unknown
NC_061513.1,276542263,T,0.001727,Pheno_0,-0.145773,Unknown
NC_061513.1,276542265,T,0.001738,Pheno_0,-0.154702,Unknown
NC_061513.1,276542268,C,0.001937,Pheno_0,0.173335,Unknown
NC_061513.1,276542268,G,0.001794,Pheno_0,0.190355,Unknown
NC_061513.1,276542269,T,0.001031,Pheno_0,0.075133,Unknown
NC_061513.1,276542274,T,0.001549,Pheno_0,-0.69391,Unknown
NC_061513.1,276542291,T,0.001441,Pheno_0,-0.485055,Unknown
NC_061513.1,276542295,A,0.001572,Pheno_0,-0.709921,Unknown
NC_061513.1,276542307,T,0.002594,Pheno_0,-0.440773,Unknown
NC_061513.1,276542309,T,0.001015,Pheno_0,0.075062,Unknown
NC_061513.1,276542317,T,0.001031,Pheno_0,0.075133,Unknown
NC_061513.1,276542330,T,0.001816,Pheno_0,0.217523,Unknown
NC_061513.1,321705589,T,0.002273,Pheno_0,0.062671,Unknown
NC_061513.1,321705617,T,0.002532,Pheno_0,0.07902,Unknown
NC_061513.1,321705639,T,0.002326,Pheno_0,0.079791,Unknown
NC_061513.1,321705684,T,0.002532,Pheno_0,0.061745,Unknown
NC_061513.1,332832305,T,0.00241,Pheno_0,0.071511,Unknown
NC_061513.1,332832422,T,0.00202,Pheno_0,0.076015,Unknown
NC_061513.1,332832500,T,0.00198,Pheno_0,0.076975,Unknown
NC_061513.1,332832524,T,0.002062,Pheno_0,0.077638,Unknown
NC_061513.1,332832541,T,0.002062,Pheno_0,0.077638,Unknown
NC_061513.1,332832574,T,0.002222,Pheno_0,0.071551,Unknown
NC_061513.1,332832599,T,0.002353,Pheno_0,0.078424,Unknown
NC_061513.1,332832606,T,0.002439,Pheno_0,0.078668,Unknown
NC_061514.1,7397490,A,0.002985,Pheno_0,0.073043,Unknown
NC_061514.1,7397490,T,0.002247,Pheno_0,0.062788,Unknown
NC_061514.1,7397502,T,0.002247,Pheno_0,0.062788,Unknown
NC_061514.1,7397534,T,0.002174,Pheno_0,0.077895,Unknown
NC_061514.1,7397543,T,0.002198,Pheno_0,0.078419,Unknown
NC_061514.1,7397555,T,0.002247,Pheno_0,0.062788,Unknown
NC_061514.1,7397615,T,0.002703,Pheno_0,0.080517,Unknown
NC_061514.1,7397628,T,0.002439,Pheno_0,0.062027,Unknown
NC_061514.1,7402566,T,0.002532,Pheno_0,0.071571,Unknown
NC_061514.1,7402632,T,0.001942,Pheno_0,0.078745,Unknown
NC_061514.1,7402632,C,0.001818,Pheno_0,0.076405,Unknown
NC_061514.1,7402633,T,0.001802,Pheno_0,0.076466,Unknown
NC_061514.1,7402647,T,0.001905,Pheno_0,0.078713,Unknown
NC_061514.1,7402666,T,0.00202,Pheno_0,0.063744,Unknown
NC_061514.1,7402670,T,0.002062,Pheno_0,0.063576,Unknown
NC_061514.1,7402670,A,0.001681,Pheno_0,0.077706,Unknown
NC_061514.1,7402684,T,0.001613,Pheno_0,0.076298,Unknown
NC_061514.1,7402684,G,0.001613,Pheno_0,0.076298,Unknown
NC_061514.1,7402686,T,0.001961,Pheno_0,0.063572,Unknown
NC_061514.1,7402778,T,0.001852,Pheno_0,0.064145,Unknown
NC_061514.1,7402795,T,0.001626,Pheno_0,0.076163,Unknown
NC_061514.1,7402826,T,0.001961,Pheno_0,0.063572,Unknown
NC_061514.1,7402851,T,0.001835,Pheno_0,0.076831,Unknown
NC_061514.1,7402854,T,0.00198,Pheno_0,0.076124,Unknown
NC_061514.1,7402855,T,0.001852,Pheno_0,0.076773,Unknown
NC_061514.1,7403113,T,0.00241,Pheno_0,0.062161,Unknown
NC_061514.1,7403134,T,0.002532,Pheno_0,0.07902,Unknown
NC_061514.1,7403141,T,0.002778,Pheno_0,0.080513,Unknown
NC_061514.1,7403276,T,0.002703,Pheno_0,0.079981,Unknown
NC_061514.1,7403540,T,0.001887,Pheno_0,0.076715,Unknown
NC_061514.1,7403543,T,0.001942,Pheno_0,0.076857,Unknown
NC_061514.1,7403586,T,0.002439,Pheno_0,0.079889,Unknown
NC_061514.1,7403776,T,0.002198,Pheno_0,0.063428,Unknown
NC_061514.1,7403831,T,0.00198,Pheno_0,0.076975,Unknown
NC_061514.1,7405567,T,0.0025,Pheno_0,0.078905,Unknown
NC_061514.1,7414196,A,0.001136,Pheno_0,0.075072,Unknown
NC_061514.1,7414196,T,0.001136,Pheno_0,0.075072,Unknown
NC_061514.1,7414213,T,0.001149,Pheno_0,0.075014,Unknown
NC_061514.1,7414216,T,0.002656,Pheno_0,-1.013214,Unknown
NC_061514.1,7414223,A,0.001914,Pheno_0,0.078711,Unknown
NC_061514.1,7414264,T,0.002093,Pheno_0,-0.315258,Unknown
NC_061514.1,7414268,A,0.001834,Pheno_0,0.233346,Unknown
NC_061514.1,7414268,T,0.001834,Pheno_0,0.233346,Unknown
NC_061514.1,7414268,C,0.00113,Pheno_0,0.075037,Unknown
NC_061514.1,7414270,T,0.001649,Pheno_0,-0.283686,Unknown
NC_061514.1,7414290,T,0.00254,Pheno_0,-0.099374,Unknown
NC_061514.1,7414295,T,0.001597,Pheno_0,-0.224141,Unknown
NC_061514.1,7414324,C,0.003571,Pheno_0,1.366088,Unknown
NC_061514.1,7414324,T,0.001,Pheno_0,0.073872,Unknown
NC_061514.1,7414380,T,0.002594,Pheno_0,0.844055,Unknown
NC_061514.1,7414401,T,0.001026,Pheno_0,0.077547,Unknown
NC_061514.1,7415368,T,0.001887,Pheno_0,0.063849,Unknown
NC_061514.1,7415504,T,0.002189,Pheno_0,0.070491,Unknown
NC_061514.1,7415520,T,0.001343,Pheno_0,-0.316452,Unknown
NC_061514.1,7415520,A,0.001294,Pheno_0,-0.190078,Unknown
NC_061514.1,7415524,T,0.001267,Pheno_0,-0.191993,Unknown
NC_061514.1,7415528,T,0.001294,Pheno_0,-0.252582,Unknown
NC_061514.1,7415539,G,0.001325,Pheno_0,0.084529,Unknown
NC_061514.1,7415545,T,0.002584,Pheno_0,-0.017341,Unknown
NC_061514.1,7415547,T,0.001231,Pheno_0,0.074982,Unknown
NC_061514.1,7415550,T,0.001932,Pheno_0,1.334065,Unknown
NC_061514.1,7415563,A,0.001689,Pheno_0,1.087463,Unknown
NC_061514.1,7415563,T,0.001213,Pheno_0,0.076033,Unknown
NC_061514.1,7415575,T,0.001286,Pheno_0,0.212951,Unknown
NC_061514.1,7415577,T,0.001109,Pheno_0,-0.102027,Unknown
NC_061514.1,7415583,T,0.00128,Pheno_0,0.206078,Unknown
NC_061514.1,7415599,A,0.001109,Pheno_0,-0.246794,Unknown
NC_061514.1,7415603,T,0.001168,Pheno_0,-0.394974,Unknown
NC_061514.1,7415608,T,0.001714,Pheno_0,1.310932,Unknown
NC_061514.1,7415608,A,0.001138,Pheno_0,0.134012,Unknown
NC_061514.1,7415609,G,0.001233,Pheno_0,0.004945,Unknown
NC_061514.1,7415614,T,0.001617,Pheno_0,-0.043729,Unknown
NC_061514.1,7415620,A,0.001069,Pheno_0,-0.209475,Unknown
NC_061514.1,7415621,T,0.001194,Pheno_0,0.186161,Unknown
NC_061514.1,7415635,T,0.001152,Pheno_0,-0.39976,Unknown
NC_061514.1,7415653,T,0.001141,Pheno_0,-0.386082,Unknown
NC_061514.1,7415662,A,0.001825,Pheno_0,1.362612,Unknown
NC_061514.1,7415684,A,0.001098,Pheno_0,0.158787,Unknown
NC_061514.1,7415685,A,0.001258,Pheno_0,0.077888,Unknown
NC_061514.1,7415712,T,0.001205,Pheno_0,0.074997,Unknown
NC_061514.1,7415715,A,0.001195,Pheno_0,-0.227978,Unknown
NC_061514.1,7415724,T,0.001311,Pheno_0,0.125724,Unknown
NC_061514.1,7415724,A,0.001299,Pheno_0,0.158841,Unknown
NC_061514.1,7415748,A,0.001325,Pheno_0,-0.164368,Unknown
NC_061514.1,7415757,T,0.001436,Pheno_0,0.030605,Unknown
NC_061514.1,7420431,T,0.002597,Pheno_0,0.071555,Unknown
NC_061514.1,7420471,T,0.002532,Pheno_0,0.071571,Unknown
NC_061514.1,7420511,T,0.002564,Pheno_0,0.071546,Unknown
NC_061514.1,7420517,A,0.003704,Pheno_0,0.055926,Unknown
NC_061514.1,7420517,T,0.002532,Pheno_0,0.071571,Unknown
NC_061514.1,7420749,T,0.001563,Pheno_0,0.075908,Unknown
NC_061514.1,7420752,T,0.002703,Pheno_0,0.074146,Unknown
NC_061514.1,7420800,T,0.001724,Pheno_0,0.076162,Unknown
NC_061514.1,7420816,T,0.002381,Pheno_0,0.062316,Unknown
NC_061514.1,20004992,T,0.0025,Pheno_0,0.061847,Unknown
NC_061514.1,20005024,T,0.002469,Pheno_0,0.061963,Unknown
NC_061514.1,20005051,T,0.002469,Pheno_0,0.071553,Unknown
NC_061514.1,20005079,T,0.002469,Pheno_0,0.061963,Unknown
NC_061514.1,20005186,T,0.002381,Pheno_0,0.073891,Unknown
NC_061514.1,20005193,T,0.0025,Pheno_0,0.061847,Unknown
NC_061514.1,20005261,T,0.00241,Pheno_0,0.071511,Unknown
NC_061514.1,20005272,T,0.002597,Pheno_0,0.061599,Unknown
NC_061514.1,143195102,T,0.002703,Pheno_0,0.079981,Unknown
NC_061514.1,143195140,T,0.00274,Pheno_0,0.080126,Unknown
NC_061514.1,143195293,T,0.002778,Pheno_0,0.071582,Unknown
NC_061514.1,143195657,T,0.002532,Pheno_0,0.061745,Unknown
NC_061514.1,143195665,T,0.002532,Pheno_0,0.061745,Unknown
NC_061514.1,143195881,T,0.002469,Pheno_0,0.071553,Unknown
NC_061514.1,143195887,T,0.0025,Pheno_0,0.071554,Unknown
NC_061514.1,143195926,T,0.00274,Pheno_0,0.071574,Unknown
NC_061514.1,143196187,T,0.002198,Pheno_0,0.063428,Unknown
NC_061514.1,143196238,A,0.002198,Pheno_0,0.063428,Unknown
NC_061514.1,143196238,T,0.002198,Pheno_0,0.063428,Unknown
NC_061514.1,143196239,T,0.002273,Pheno_0,0.062671,Unknown
NC_061514.1,143196366,C,0.003846,Pheno_0,0.072095,Unknown
NC_061514.1,143196366,T,0.002778,Pheno_0,0.080323,Unknown
NC_061514.1,143196652,T,0.002532,Pheno_0,0.07902,Unknown
NC_061514.1,143196664,T,0.002532,Pheno_0,0.07902,Unknown
NC_061514.1,210690782,A,0.005063,Pheno_0,0.078654,Unknown
NC_061514.1,210690782,T,0.001869,Pheno_0,0.076674,Unknown
NC_061514.1,210690787,T,0.001887,Pheno_0,0.076715,Unknown
NC_061514.1,210690790,T,0.001835,Pheno_0,0.076831,Unknown
NC_061514.1,210690800,A,0.00632,Pheno_0,-0.421926,Unknown
NC_061514.1,210690800,T,0.002532,Pheno_0,0.073897,Unknown
NC_061514.1,210690800,G,0.002532,Pheno_0,0.073897,Unknown
NC_061514.1,210690803,A,0.003636,Pheno_0,0.00621,Unknown
NC_061514.1,210690803,T,0.002439,Pheno_0,0.079889,Unknown
NC_061514.1,210690810,A,0.006075,Pheno_0,0.737141,Unknown
NC_061514.1,210690810,T,0.001802,Pheno_0,0.076124,Unknown
NC_061514.1,210690823,T,0.00241,Pheno_0,0.079862,Unknown
NC_061514.1,210690823,C,0.00241,Pheno_0,0.079862,Unknown
NC_061514.1,210690825,T,0.002381,Pheno_0,0.079838,Unknown
NC_061514.1,210690825,C,0.002381,Pheno_0,0.079838,Unknown
NC_061514.1,210690825,A,0.00177,Pheno_0,0.076136,Unknown
NC_061514.1,210690827,G,0.003571,Pheno_0,0.006099,Unknown
NC_061514.1,210690827,T,0.00241,Pheno_0,0.079862,Unknown
NC_061514.1,210690827,A,0.002326,Pheno_0,0.074311,Unknown
NC_061514.1,210690832,T,0.001739,Pheno_0,0.077924,Unknown
NC_061514.1,210690833,A,0.002353,Pheno_0,0.079809,Unknown
NC_061514.1,210690833,T,0.002299,Pheno_0,0.074335,Unknown
NC_061514.1,210690841,T,0.001724,Pheno_0,0.076162,Unknown
NC_061514.1,210690847,T,0.001754,Pheno_0,0.076144,Unknown
NC_061514.1,210690858,T,0.002273,Pheno_0,0.074372,Unknown
NC_061514.1,210690859,A,0.006438,Pheno_0,0.026725,Unknown
NC_061514.1,210690859,T,0.001754,Pheno_0,0.076277,Unknown
NC_061514.1,210690871,T,0.00241,Pheno_0,0.079862,Unknown
NC_061514.1,210690875,T,0.002597,Pheno_0,0.061599,Unknown
NC_061514.1,210690875,C,0.001724,Pheno_0,0.076162,Unknown
NC_061514.1,210690887,A,0.00274,Pheno_0,0.061427,Unknown
NC_061514.1,210690887,T,0.001754,Pheno_0,0.076144,Unknown
NC_061514.1,210690897,G,0.004765,Pheno_0,0.087748,Unknown
NC_061514.1,210690897,T,0.00177,Pheno_0,0.076136,Unknown
NC_061514.1,210690906,A,0.00354,Pheno_0,0.080487,Unknown
NC_061514.1,210690906,T,0.001802,Pheno_0,0.076124,Unknown
NC_061514.1,210690906,C,0.001802,Pheno_0,0.076124,Unknown
NC_061514.1,210690914,A,0.004401,Pheno_0,-0.726037,Unknown
NC_061514.1,210690914,T,0.002326,Pheno_0,0.074311,Unknown
NC_061514.1,210690930,T,0.001852,Pheno_0,0.07595,Unknown
NC_061514.1,210690930,G,0.001852,Pheno_0,0.076773,Unknown
NC_061514.1,210690931,G,0.003077,Pheno_0,0.058377,Unknown
NC_061514.1,210690931,C,0.002632,Pheno_0,0.074244,Unknown
NC_061514.1,210690931,T,0.002041,Pheno_0,0.077556,Unknown
NC_061514.1,210690933,A,0.006885,Pheno_0,0.060089,Unknown
NC_061514.1,210690933,T,0.001852,Pheno_0,0.076773,Unknown
NC_061514.1,210690944,T,0.001835,Pheno_0,0.076831,Unknown
NC_061514.1,210690952,A,0.007003,Pheno_0,-0.416619,Unknown
NC_061514.1,210690952,G,0.002778,Pheno_0,0.061365,Unknown
NC_061514.1,210690952,T,0.002381,Pheno_0,0.074228,Unknown
NC_061514.1,210690958,A,0.00274,Pheno_0,0.061427,Unknown
NC_061514.1,210690958,T,0.001754,Pheno_0,0.076277,Unknown
NC_061514.1,210690958,C,0.001754,Pheno_0,0.076277,Unknown
NC_061514.1,210690968,T,0.002381,Pheno_0,0.079838,Unknown
NC_061514.1,210690970,A,0.00177,Pheno_0,0.075997,Unknown
NC_061514.1,210690970,T,0.00177,Pheno_0,0.075997,Unknown
NC_061514.1,210690973,T,0.002703,Pheno_0,0.061536,Unknown
NC_061514.1,210690973,G,0.002703,Pheno_0,0.061536,Unknown
NC_061514.1,210690979,T,0.001739,Pheno_0,0.076164,Unknown
NC_061514.1,210690990,T,0.002632,Pheno_0,0.061641,Unknown
NC_061514.1,210691009,A,0.005846,Pheno_0,0.016093,Unknown
NC_061514.1,210691009,T,0.002632,Pheno_0,0.061641,Unknown
NC_061514.1,210691014,C,0.002597,Pheno_0,0.061599,Unknown
NC_061514.1,210691014,T,0.00177,Pheno_0,0.076136,Unknown
NC_061514.1,210691026,A,0.004107,Pheno_0,-0.525849,Unknown
NC_061514.1,210691026,T,0.001754,Pheno_0,0.076144,Unknown
NC_061514.1,210691034,A,0.007018,Pheno_0,-1.825896,Unknown
NC_061514.1,210691034,T,0.002381,Pheno_0,0.079838,Unknown
NC_061514.1,210691042,T,0.002353,Pheno_0,0.079809,Unknown
NC_061514.1,210691042,A,0.001754,Pheno_0,0.076277,Unknown
NC_061514.1,210691044,C,0.002353,Pheno_0,0.079809,Unknown
NC_061514.1,210691044,G,0.002326,Pheno_0,0.074311,Unknown
NC_061514.1,210691044,T,0.00177,Pheno_0,0.075997,Unknown
NC_061514.1,210691047,T,0.002353,Pheno_0,0.079809,Unknown
NC_061514.1,210691060,A,0.002247,Pheno_0,0.074375,Unknown
NC_061514.1,210691060,T,0.002247,Pheno_0,0.074375,Unknown
NC_061514.1,210691063,T,0.002326,Pheno_0,0.074311,Unknown
NC_061514.1,210691063,C,0.001724,Pheno_0,0.076162,Unknown
NC_061514.1,212554009,T,0.002703,Pheno_0,0.079981,Unknown
NC_061514.1,212554744,A,0.003175,Pheno_0,0.075757,Unknown
NC_061514.1,212554744,T,0.002105,Pheno_0,0.077545,Unknown
NC_061514.1,212554771,A,0.006746,Pheno_0,-0.224775,Unknown
NC_061514.1,212554771,T,0.002778,Pheno_0,0.071582,Unknown
NC_061514.1,212554863,T,0.00274,Pheno_0,0.071574,Unknown
NC_061514.1,212554914,T,0.002247,Pheno_0,0.078117,Unknown
NC_061514.1,240885040,T,0.002222,Pheno_0,0.071551,Unknown
NC_061514.1,240885054,T,0.00198,Pheno_0,0.076124,Unknown
NC_061514.1,240885057,T,0.00274,Pheno_0,0.080126,Unknown
NC_061514.1,240885058,A,0.005002,Pheno_0,0.292153,Unknown
NC_061514.1,240885058,T,0.001961,Pheno_0,0.076119,Unknown
NC_061514.1,240885064,T,0.002632,Pheno_0,0.080447,Unknown
NC_061514.1,240885090,T,0.001852,Pheno_0,0.07595,Unknown
NC_061514.1,240885091,A,0.004348,Pheno_0,0.067149,Unknown
NC_061514.1,240885091,T,0.00177,Pheno_0,0.076136,Unknown
NC_061514.1,240885092,T,0.00274,Pheno_0,0.080486,Unknown
NC_061514.1,240885103,T,0.00274,Pheno_0,0.080486,Unknown
NC_061514.1,240885103,A,0.002083,Pheno_0,0.063204,Unknown
NC_061514.1,240885138,A,0.007372,Pheno_0,1.594151,Unknown
NC_061514.1,240885138,T,0.002062,Pheno_0,0.063576,Unknown
NC_061514.1,240885159,T,0.00198,Pheno_0,0.06347,Unknown
NC_061514.1,240885159,A,0.001786,Pheno_0,0.076133,Unknown
NC_061514.1,240885167,T,0.002632,Pheno_0,0.080447,Unknown
NC_061514.1,240885167,C,0.002,Pheno_0,0.063782,Unknown
NC_061514.1,240885169,T,0.002128,Pheno_0,0.06314,Unknown
NC_061514.1,240885178,A,0.00838,Pheno_0,-0.083133,Unknown
NC_061514.1,240885178,T,0.002703,Pheno_0,0.080517,Unknown
NC_061514.1,240885179,A,0.002703,Pheno_0,0.080517,Unknown
NC_061514.1,240885179,T,0.002703,Pheno_0,0.080517,Unknown
NC_061514.1,259290561,T,0.001136,Pheno_0,0.074396,Unknown
NC_061514.1,259290579,T,0.001351,Pheno_0,0.077964,Unknown
NC_061514.1,259290589,T,0.001099,Pheno_0,0.07402,Unknown
NC_061514.1,259290598,T,0.001449,Pheno_0,0.074747,Unknown
NC_061514.1,259290625,G,0.00117,Pheno_0,0.074533,Unknown
NC_061514.1,259290629,T,0.001449,Pheno_0,0.074747,Unknown
NC_061514.1,259290631,T,0.001429,Pheno_0,0.074721,Unknown
NC_061514.1,259290636,T,0.001429,Pheno_0,0.074721,Unknown
NC_061514.1,259290641,C,0.00113,Pheno_0,0.074133,Unknown
NC_061514.1,259290657,G,0.001481,Pheno_0,0.07463,Unknown
NC_061514.1,259290664,T,0.001695,Pheno_0,0.076156,Unknown
NC_061514.1,259290666,T,0.001709,Pheno_0,0.065952,Unknown
NC_061514.1,259290690,T,0.001316,Pheno_0,0.074912,Unknown
NC_061514.1,259290890,C,0.002455,Pheno_0,-0.094609,Unknown
NC_061514.1,259290890,G,0.001639,Pheno_0,0.077506,Unknown
NC_061514.1,259290890,T,0.001258,Pheno_0,0.066093,Unknown
NC_061514.1,259290891,C,0.009818,Pheno_0,0.680934,Unknown
NC_061514.1,259290891,T,0.001869,Pheno_0,0.063928,Unknown
NC_061514.1,259290895,A,0.002686,Pheno_0,-0.227751,Unknown
NC_061514.1,259290917,T,0.00155,Pheno_0,0.078249,Unknown
NC_061514.1,259290919,T,0.001626,Pheno_0,0.074602,Unknown
NC_061514.1,259290925,T,0.00125,Pheno_0,0.074846,Unknown
NC_061514.1,259290933,T,0.001258,Pheno_0,0.074665,Unknown
NC_061514.1,259290938,T,0.001653,Pheno_0,0.074496,Unknown
NC_061514.1,259290942,T,0.001527,Pheno_0,0.078214,Unknown
NC_061514.1,259290946,T,0.001227,Pheno_0,0.07448,Unknown
NC_061514.1,259290947,T,0.00125,Pheno_0,0.074846,Unknown
NC_061514.1,259290969,T,0.002482,Pheno_0,0.878795,Unknown
NC_061514.1,259290969,A,0.001802,Pheno_0,0.074337,Unknown
NC_061514.1,259290975,T,0.001389,Pheno_0,0.075177,Unknown
NC_061514.1,259290976,T,0.001026,Pheno_0,0.066982,Unknown
NC_061514.1,259290976,G,0.001026,Pheno_0,0.066982,Unknown
NC_061514.1,259290995,C,0.001563,Pheno_0,0.078264,Unknown
NC_061514.1,259291006,T,0.001005,Pheno_0,0.067029,Unknown
NC_061514.1,306961622,A,0.002128,Pheno_0,0.079232,Unknown
NC_061514.1,306961622,T,0.001887,Pheno_0,0.074229,Unknown
NC_061514.1,306961627,A,0.003484,Pheno_0,-0.50858,Unknown
NC_061514.1,306961627,T,0.001504,Pheno_0,0.07528,Unknown
NC_061514.1,306961641,T,0.002128,Pheno_0,0.079232,Unknown
NC_061514.1,306961643,A,0.004124,Pheno_0,0.07743,Unknown
NC_061514.1,306961643,T,0.001923,Pheno_0,0.063941,Unknown
NC_061514.1,306961644,T,0.001493,Pheno_0,0.075585,Unknown
NC_061514.1,306961646,T,0.001493,Pheno_0,0.075585,Unknown
NC_061514.1,306961652,T,0.00198,Pheno_0,0.06347,Unknown
NC_061514.1,306961652,A,0.001527,Pheno_0,0.075709,Unknown
NC_061514.1,306961653,A,0.004947,Pheno_0,-0.245147,Unknown
NC_061514.1,306961653,T,0.001538,Pheno_0,0.075293,Unknown
NC_061514.1,306961654,G,0.003565,Pheno_0,-0.611402,Unknown
NC_061514.1,306961654,T,0.001961,Pheno_0,0.063572,Unknown
NC_061514.1,306961654,A,0.001481,Pheno_0,0.075623,Unknown
NC_061514.1,306961658,T,0.001942,Pheno_0,0.063615,Unknown
NC_061514.1,306961660,A,0.007417,Pheno_0,-1.01316,Unknown
NC_061514.1,306961660,G,0.002041,Pheno_0,0.078914,Unknown
NC_061514.1,306961660,T,0.001493,Pheno_0,0.075585,Unknown
NC_061514.1,306961663,T,0.002062,Pheno_0,0.078866,Unknown
NC_061514.1,306961663,C,0.001869,Pheno_0,0.07426,Unknown
NC_061514.1,306961664,T,0.001504,Pheno_0,0.07528,Unknown
NC_061514.1,306961679,A,0.002062,Pheno_0,0.078866,Unknown
NC_061514.1,306961679,T,0.001818,Pheno_0,0.074343,Unknown
NC_061514.1,306961689,A,0.003491,Pheno_0,-0.579272,Unknown
NC_061514.1,306961689,T,0.00202,Pheno_0,0.063744,Unknown
NC_061514.1,306961692,A,0.00334,Pheno_0,-0.435333,Unknown
NC_061514.1,306961692,T,0.001527,Pheno_0,0.075288,Unknown
NC_061514.1,306961708,C,0.003622,Pheno_0,-0.553627,Unknown
NC_061514.1,306961708,T,0.001538,Pheno_0,0.075783,Unknown
NC_061514.1,306961712,A,0.005425,Pheno_0,-0.259705,Unknown
NC_061514.1,306961712,T,0.002,Pheno_0,0.063782,Unknown
NC_061514.1,306961722,T,0.00198,Pheno_0,0.06347,Unknown
NC_061514.1,306961732,T,0.002151,Pheno_0,0.079243,Unknown
NC_061514.1,306961732,C,0.002151,Pheno_0,0.079243,Unknown
NC_061514.1,306961733,T,0.001818,Pheno_0,0.074343,Unknown
NC_061514.1,306961736,T,0.002041,Pheno_0,0.063637,Unknown
NC_061514.1,306961736,C,0.001653,Pheno_0,0.076092,Unknown
NC_061514.1,306961744,A,0.002041,Pheno_0,0.063637,Unknown
NC_061514.1,306961744,T,0.001493,Pheno_0,0.075585,Unknown
NC_061514.1,306961749,T,0.002326,Pheno_0,0.062559,Unknown
NC_061514.1,306961760,A,0.008463,Pheno_0,0.382617,Unknown
NC_061514.1,306961760,G,0.003859,Pheno_0,-0.221246,Unknown
NC_061514.1,306961760,T,0.001818,Pheno_0,0.074343,Unknown
NC_061514.1,306961804,A,0.002083,Pheno_0,0.078913,Unknown
NC_061514.1,306961804,T,0.001961,Pheno_0,0.063572,Unknown
NC_061514.1,306961823,A,0.003598,Pheno_0,0.581484,Unknown
NC_061514.1,306961823,T,0.001818,Pheno_0,0.074343,Unknown
NC_061514.1,306961842,C,0.003451,Pheno_0,-0.543425,Unknown
NC_061514.1,306961842,T,0.00198,Pheno_0,0.06347,Unknown
NC_061514.1,306961845,A,0.001961,Pheno_0,0.063572,Unknown
NC_061514.1,306961845,T,0.001802,Pheno_0,0.074337,Unknown
NC_061514.1,306961845,G,0.001515,Pheno_0,0.075288,Unknown
NC_061514.1,306961851,A,0.003547,Pheno_0,0.512907,Unknown
NC_061514.1,306961851,T,0.001527,Pheno_0,0.075288,Unknown
NC_061514.1,306961853,A,0.005037,Pheno_0,-0.011196,Unknown
NC_061514.1,306961853,T,0.001481,Pheno_0,0.075623,Unknown
NC_061514.1,306961856,A,0.005584,Pheno_0,1.050598,Unknown
NC_061514.1,306961856,G,0.003451,Pheno_0,-0.543425,Unknown
NC_061514.1,306961856,T,0.001802,Pheno_0,0.074337,Unknown
NC_061514.1,306961865,A,0.023304,Pheno_0,0.328045,Unknown
NC_061514.1,306961865,T,0.002041,Pheno_0,0.078914,Unknown
NC_061514.1,306961871,T,0.00146,Pheno_0,0.075514,Unknown
NC_061514.1,306961871,C,0.00146,Pheno_0,0.075514,Unknown
NC_061514.1,306961872,A,0.002041,Pheno_0,0.078914,Unknown
NC_061514.1,306961872,T,0.001942,Pheno_0,0.063615,Unknown
NC_061514.1,306961872,C,0.001471,Pheno_0,0.075449,Unknown
NC_061514.1,306961873,T,0.001786,Pheno_0,0.074325,Unknown
NC_061514.1,306961873,G,0.00146,Pheno_0,0.075514,Unknown
NC_061514.1,306961885,T,0.001493,Pheno_0,0.075585,Unknown
NC_061514.1,306961895,T,0.001449,Pheno_0,0.075414,Unknown
NC_061514.1,306961900,T,0.001786,Pheno_0,0.074325,Unknown
NC_061514.1,306961900,A,0.001481,Pheno_0,0.0758,Unknown
NC_061514.1,306961911,T,0.001802,Pheno_0,0.074337,Unknown
NC_061514.1,306961939,A,0.00674,Pheno_0,-0.270818,Unknown
NC_061514.1,306961939,T,0.00146,Pheno_0,0.075514,Unknown
NC_061514.1,306961940,T,0.001887,Pheno_0,0.074229,Unknown
NC_061514.1,340469830,A,0.002597,Pheno_0,0.061599,Unknown
NC_061514.1,340469830,T,0.002597,Pheno_0,0.061599,Unknown
NC_061514.1,340469989,T,0.0025,Pheno_0,0.078905,Unknown
NW_025899851.1,14805,A,0.011559,Pheno_0,1.630638,Unknown
NW_025899851.1,14805,T,0.002778,Pheno_0,0.080323,Unknown
NW_025899851.1,14836,T,0.002778,Pheno_0,0.080323,Unknown
NW_025899918.1,96150,A,0.004444,Pheno_0,0.066972,Unknown
NW_025899918.1,96150,T,0.002632,Pheno_0,0.071631,Unknown
NW_025899918.1,96169,A,0.002985,Pheno_0,0.080083,Unknown
NW_025899918.1,96169,T,0.002632,Pheno_0,0.071631,Unknown
NW_025899918.1,96171,T,0.002703,Pheno_0,0.071576,Unknown
NW_025899918.1,96179,A,0.008824,Pheno_0,0.084444,Unknown
NW_025899918.1,96179,T,0.002703,Pheno_0,0.061536,Unknown
NW_025899918.1,96234,A,0.00552,Pheno_0,0.085774,Unknown
NW_025899918.1,96234,T,0.002703,Pheno_0,0.071576,Unknown
NW_025899918.1,96257,A,0.003077,Pheno_0,0.058377,Unknown
NW_025899918.1,96257,G,0.00303,Pheno_0,0.081316,Unknown
NW_025899918.1,96257,T,0.002703,Pheno_0,0.071576,Unknown
NW_025899939.1,35025,T,0.002062,Pheno_0,0.076134,Unknown
NW_025899939.1,35053,T,0.001923,Pheno_0,0.076223,Unknown
NW_025899939.1,35068,T,0.00202,Pheno_0,0.076015,Unknown
NW_025899939.1,35068,G,0.00202,Pheno_0,0.076015,Unknown
NW_025899939.1,35069,T,0.001961,Pheno_0,0.076119,Unknown
NW_025899939.1,35111,T,0.001887,Pheno_0,0.075933,Unknown
NW_025899939.1,35141,T,0.001923,Pheno_0,0.076223,Unknown
NW_025899939.1,35343,T,0.002778,Pheno_0,0.080323,Unknown
NW_025899939.1,35364,T,0.0025,Pheno_0,0.078905,Unknown
NW_025899939.1,35427,T,0.002667,Pheno_0,0.079442,Unknown
NW_025899939.1,35434,T,0.00241,Pheno_0,0.071511,Unknown
NW_025899939.1,35438,T,0.002381,Pheno_0,0.073891,Unknown
NW_025899939.1,35542,T,0.002532,Pheno_0,0.061745,Unknown
NW_025899939.1,35550,T,0.002469,Pheno_0,0.071553,Unknown
NW_025899939.1,35623,C,0.003333,Pheno_0,0.068016,Unknown
NW_025899939.1,35623,T,0.002597,Pheno_0,0.071555,Unknown
NW_025899939.1,35626,T,0.002597,Pheno_0,0.071555,Unknown
NW_025899939.1,35645,T,0.002439,Pheno_0,0.079889,Unknown
NW_025899939.1,35655,T,0.002667,Pheno_0,0.073928,Unknown
NW_025899939.1,35691,A,0.001695,Pheno_0,0.077637,Unknown
NW_025899939.1,35691,T,0.00107,Pheno_0,0.076559,Unknown
NW_025899939.1,35694,T,0.001887,Pheno_0,0.074229,Unknown
NW_025899939.1,35700,T,0.001093,Pheno_0,0.076561,Unknown
NW_025899939.1,35708,T,0.001887,Pheno_0,0.074229,Unknown
NW_025899939.1,35719,C,0.001563,Pheno_0,0.065257,Unknown
NW_025899939.1,35719,T,0.001087,Pheno_0,0.07656,Unknown
NW_025899939.1,35751,T,0.002273,Pheno_0,0.079726,Unknown
NW_025899939.1,35766,T,0.001081,Pheno_0,0.076561,Unknown
NW_025899939.1,35766,C,0.001081,Pheno_0,0.076561,Unknown
NW_025899939.1,35793,T,0.001802,Pheno_0,0.06418,Unknown
NW_025899994.1,36512,G,0.002899,Pheno_0,0.06004,Unknown
NW_025899994.1,36512,T,0.002632,Pheno_0,0.080447,Unknown
NW_025899994.1,36523,T,0.001887,Pheno_0,0.076715,Unknown
NW_025899994.1,36530,T,0.002564,Pheno_0,0.079862,Unknown
NW_025899994.1,36531,T,0.002564,Pheno_0,0.079862,Unknown
NW_025899994.1,36559,A,0.006862,Pheno_0,-0.22431,Unknown
NW_025899994.1,36559,T,0.002564,Pheno_0,0.079862,Unknown
NW_025899994.1,36565,G,0.003333,Pheno_0,0.071534,Unknown
NW_025899994.1,36565,A,0.002564,Pheno_0,0.079862,Unknown
NW_025899994.1,36565,T,0.002564,Pheno_0,0.079862,Unknown
NW_025899994.1,36593,T,0.001923,Pheno_0,0.077055,Unknown
NW_025899994.1,36605,T,0.00274,Pheno_0,0.061427,Unknown
NW_025899994.1,36636,A,0.00274,Pheno_0,0.061427,Unknown
NW_025899994.1,36636,T,0.001887,Pheno_0,0.076715,Unknown
NW_025899994.1,36641,T,0.001887,Pheno_0,0.076715,Unknown
NW_025899994.1,36649,T,0.001942,Pheno_0,0.076857,Unknown
NW_025899994.1,36655,T,0.00274,Pheno_0,0.061427,Unknown
NW_025899994.1,36708,T,0.002778,Pheno_0,0.061365,Unknown
NW_025899994.1,36713,T,0.001887,Pheno_0,0.076715,Unknown
NW_025899994.1,36732,T,0.00274,Pheno_0,0.061427,Unknown
NW_025899994.1,36736,T,0.001942,Pheno_0,0.076857,Unknown
NW_025899994.1,36742,T,0.002778,Pheno_0,0.061365,Unknown
NW_025899996.1,2361,C,0.002174,Pheno_0,0.079617,Unknown
NW_025899996.1,2361,T,0.001316,Pheno_0,0.074912,Unknown
NW_025899996.1,2362,C,0.002632,Pheno_0,0.079599,Unknown
NW_025899996.1,2362,T,0.002439,Pheno_0,0.074141,Unknown
NW_025899996.1,2364,G,0.007751,Pheno_0,1.000542,Unknown
NW_025899996.1,2364,T,0.00198,Pheno_0,0.06347,Unknown
NW_025899996.1,2368,C,0.003316,Pheno_0,-0.75788,Unknown
NW_025899996.1,2368,T,0.002128,Pheno_0,0.079232,Unknown
NW_025899996.1,2383,G,0.001961,Pheno_0,0.063572,Unknown
NW_025899996.1,2383,T,0.001481,Pheno_0,0.0758,Unknown
NW_025899996.1,2383,C,0.001282,Pheno_0,0.074768,Unknown
NW_025899996.1,2384,T,0.00241,Pheno_0,0.074185,Unknown
NW_025899996.1,2402,C,0.001835,Pheno_0,0.06432,Unknown
NW_025899996.1,2402,T,0.001493,Pheno_0,0.075795,Unknown
NW_025899996.1,2403,T,0.001242,Pheno_0,0.07476,Unknown
NW_025899996.1,2404,A,0.002,Pheno_0,0.078876,Unknown
NW_025899996.1,2404,T,0.001835,Pheno_0,0.06432,Unknown
NW_025899996.1,2410,A,0.003086,Pheno_0,-0.73455,Unknown
NW_025899996.1,2410,T,0.001852,Pheno_0,0.064145,Unknown
NW_025899996.1,2413,T,0.001538,Pheno_0,0.075293,Unknown
NW_025899996.1,2420,G,0.003583,Pheno_0,-1.086212,Unknown
NW_025899996.1,2420,T,0.002326,Pheno_0,0.074311,Unknown
NW_025899996.1,2424,T,0.001242,Pheno_0,0.07476,Unknown
NW_025899996.1,2428,T,0.001258,Pheno_0,0.074665,Unknown
NW_025899996.1,2439,G,0.003571,Pheno_0,0.054636,Unknown
NW_025899996.1,2439,T,0.001942,Pheno_0,0.078745,Unknown
NW_025899996.1,2440,A,0.00378,Pheno_0,-0.79415,Unknown
NW_025899996.1,2440,T,0.001942,Pheno_0,0.078745,Unknown
NW_025899996.1,2452,A,0.015883,Pheno_0,0.101484,Unknown
NW_025899996.1,2452,T,0.002684,Pheno_0,-0.289881,Unknown
NW_025899996.1,2458,T,0.001471,Pheno_0,0.075804,Unknown
NW_025899996.1,2458,A,0.001235,Pheno_0,0.07478,Unknown
NW_025899996.1,2459,G,0.003044,Pheno_0,-0.675456,Unknown
NW_025899996.1,2459,T,0.002326,Pheno_0,0.074311,Unknown
NW_025899996.1,2462,T,0.001802,Pheno_0,0.06418,Unknown
NW_025899996.1,2463,T,0.002326,Pheno_0,0.074311,Unknown
NW_025899996.1,2470,C,0.001961,Pheno_0,0.078683,Unknown
NW_025899996.1,2470,T,0.001266,Pheno_0,0.074688,Unknown
NW_025899996.1,2478,T,0.001282,Pheno_0,0.074768,Unknown
NW_025899996.1,2482,T,0.002439,Pheno_0,0.074141,Unknown
NW_025899996.1,2482,C,0.002439,Pheno_0,0.074141,Unknown
NW_025899996.1,2488,C,0.001852,Pheno_0,0.064145,Unknown
NW_025899996.1,2488,T,0.001481,Pheno_0,0.0758,Unknown
NW_025899996.1,2489,T,0.001942,Pheno_0,0.078745,Unknown
NW_025899996.1,2502,T,0.001325,Pheno_0,0.07495,Unknown
NW_025899996.1,2503,T,0.002649,Pheno_0,0.079202,Unknown
NW_025899996.1,2522,A,0.001527,Pheno_0,0.075288,Unknown
NW_025899996.1,2522,T,0.001266,Pheno_0,0.074688,Unknown
NW_025899996.1,2530,A,0.001575,Pheno_0,0.076171,Unknown
NW_025899996.1,2530,T,0.001575,Pheno_0,0.076171,Unknown
NW_025899996.1,2540,T,0.001887,Pheno_0,0.063849,Unknown
NW_025899996.1,2545,T,0.001887,Pheno_0,0.063849,Unknown
NW_025899996.1,2556,T,0.00202,Pheno_0,0.078807,Unknown
NW_025899996.1,2560,A,0.002667,Pheno_0,0.073928,Unknown
NW_025899996.1,2560,T,0.001587,Pheno_0,0.076151,Unknown
NW_025899996.1,2572,A,0.001299,Pheno_0,0.074863,Unknown
NW_025899996.1,2572,T,0.001299,Pheno_0,0.074863,Unknown
NW_025899996.1,2578,A,0.001307,Pheno_0,0.074905,Unknown
NW_025899996.1,2578,T,0.001307,Pheno_0,0.074905,Unknown
NW_025899996.1,2579,A,0.005299,Pheno_0,0.861834,Unknown
NW_025899996.1,2579,T,0.001639,Pheno_0,0.07608,Unknown
NW_025899996.1,2590,T,0.002667,Pheno_0,0.079442,Unknown
NW_025899996.1,2590,G,0.001639,Pheno_0,0.07608,Unknown
NW_025899996.1,2594,G,0.002532,Pheno_0,0.073897,Unknown
NW_025899996.1,2594,A,0.002105,Pheno_0,0.063186,Unknown
NW_025899996.1,2594,T,0.001667,Pheno_0,0.076052,Unknown
NW_025899996.1,2600,T,0.002174,Pheno_0,0.079617,Unknown
NW_025899996.1,2624,T,0.002632,Pheno_0,0.074244,Unknown
NW_025899996.1,2628,T,0.001439,Pheno_0,0.07536,Unknown
NW_025899996.1,2630,T,0.002273,Pheno_0,0.079726,Unknown
NW_025899996.1,2630,G,0.002273,Pheno_0,0.079726,Unknown
NW_025899996.1,2632,T,0.001695,Pheno_0,0.076156,Unknown
NW_025899996.1,2635,T,0.001504,Pheno_0,0.075632,Unknown
NW_025899996.1,2647,T,0.001724,Pheno_0,0.076162,Unknown
NW_025899996.1,2651,T,0.002632,Pheno_0,0.074244,Unknown
NW_025899996.1,2652,A,0.005493,Pheno_0,-0.439758,Unknown
NW_025899996.1,2652,T,0.002273,Pheno_0,0.079726,Unknown
NW_025899996.1,2654,T,0.002667,Pheno_0,0.073928,Unknown
NW_025899996.1,2658,T,0.002326,Pheno_0,0.079791,Unknown
NW_025900012.1,17569,A,0.002353,Pheno_0,0.062371,Unknown
NW_025900012.1,17569,T,0.002353,Pheno_0,0.062371,Unknown
NW_025900012.1,17599,T,0.002273,Pheno_0,0.062671,Unknown
NW_025900012.1,17652,T,0.002273,Pheno_0,0.062671,Unknown
NW_025900034.1,16004,A,0.003266,Pheno_0,-0.045178,Unknown
NW_025900034.1,16004,T,0.001653,Pheno_0,0.066238,Unknown
NW_025900034.1,16011,T,0.001961,Pheno_0,0.078683,Unknown
NW_025900034.1,16011,C,0.001626,Pheno_0,0.065077,Unknown
NW_025900034.1,16024,T,0.002062,Pheno_0,0.076134,Unknown
NW_025900034.1,16024,G,0.001923,Pheno_0,0.074155,Unknown
NW_025900034.1,16032,T,0.001961,Pheno_0,0.074066,Unknown
NW_025900034.1,16043,T,0.001923,Pheno_0,0.074155,Unknown
NW_025900034.1,16054,A,0.003883,Pheno_0,0.067668,Unknown
NW_025900034.1,16054,T,0.001942,Pheno_0,0.074172,Unknown
NW_025900034.1,16057,T,0.001527,Pheno_0,0.075709,Unknown
NW_025900034.1,16062,A,0.010062,Pheno_0,-2.144956,Unknown
NW_025900034.1,16062,T,0.001613,Pheno_0,0.065303,Unknown
NW_025900034.1,16066,T,0.001942,Pheno_0,0.078745,Unknown
NW_025900034.1,16068,A,0.003462,Pheno_0,-0.405054,Unknown
NW_025900034.1,16068,T,0.0016,Pheno_0,0.06529,Unknown
NW_025900034.1,16074,T,0.001942,Pheno_0,0.074172,Unknown
NW_025900034.1,16079,A,0.00907,Pheno_0,0.235956,Unknown
NW_025900034.1,16079,T,0.002062,Pheno_0,0.076134,Unknown
NW_025900034.1,16080,T,0.001527,Pheno_0,0.075709,Unknown
NW_025900034.1,16088,T,0.001942,Pheno_0,0.074172,Unknown
NW_025900034.1,16089,T,0.001942,Pheno_0,0.078745,Unknown
NW_025900034.1,16096,T,0.001587,Pheno_0,0.065168,Unknown
NW_025900034.1,16097,T,0.00198,Pheno_0,0.07404,Unknown
NW_025900034.1,16101,A,0.008988,Pheno_0,0.36988,Unknown
NW_025900034.1,16101,T,0.002083,Pheno_0,0.076111,Unknown
NW_025900034.1,16101,G,0.001563,Pheno_0,0.075908,Unknown
NW_025900034.1,16105,T,0.0016,Pheno_0,0.06529,Unknown
NW_025900034.1,16105,C,0.00155,Pheno_0,0.075839,Unknown
NW_025900034.1,16112,T,0.001923,Pheno_0,0.074155,Unknown
NW_025900034.1,16126,A,0.003983,Pheno_0,-0.089226,Unknown
NW_025900034.1,16126,T,0.001942,Pheno_0,0.078745,Unknown
NW_025900034.1,16127,A,0.008642,Pheno_0,0.56128,Unknown
NW_025900034.1,16127,C,0.001923,Pheno_0,0.078683,Unknown
NW_025900034.1,16127,T,0.001587,Pheno_0,0.065168,Unknown
NW_025900034.1,16136,T,0.001923,Pheno_0,0.074155,Unknown
NW_025900034.1,16140,A,0.005094,Pheno_0,0.738436,Unknown
NW_025900034.1,16140,G,0.002041,Pheno_0,0.0761,Unknown
NW_025900034.1,16140,T,0.001923,Pheno_0,0.074155,Unknown
NW_025900034.1,16155,T,0.001923,Pheno_0,0.074155,Unknown
NW_025900034.1,16155,C,0.001538,Pheno_0,0.075783,Unknown
NW_025900034.1,16162,A,0.003587,Pheno_0,0.335104,Unknown
NW_025900034.1,16162,T,0.001538,Pheno_0,0.075783,Unknown
NW_025900034.1,16163,T,0.002083,Pheno_0,0.076111,Unknown
NW_025900034.1,16164,T,0.001961,Pheno_0,0.078683,Unknown
NW_025900034.1,16164,A,0.001538,Pheno_0,0.075783,Unknown
NW_025900034.1,16175,A,0.003649,Pheno_0,0.471881,Unknown
NW_025900034.1,16175,T,0.002062,Pheno_0,0.076134,Unknown
NW_025900034.1,16177,T,0.001538,Pheno_0,0.075783,Unknown
NW_025900034.1,16184,T,0.001942,Pheno_0,0.074172,Unknown
NW_025900034.1,16187,T,0.002041,Pheno_0,0.0761,Unknown
NW_025900034.1,16187,A,0.0016,Pheno_0,0.06529,Unknown
NW_025900034.1,16189,T,0.001538,Pheno_0,0.075783,Unknown
NW_025900034.1,16204,T,0.001923,Pheno_0,0.074155,Unknown
NW_025900034.1,16214,T,0.002128,Pheno_0,0.075518,Unknown
NW_025900034.1,16214,G,0.001923,Pheno_0,0.078683,Unknown
NW_025900034.1,16223,T,0.001923,Pheno_0,0.074155,Unknown
NW_025900034.1,16223,C,0.001587,Pheno_0,0.065168,Unknown
NW_025900034.1,16243,T,0.001923,Pheno_0,0.078683,Unknown
NW_025900034.1,16244,A,0.001587,Pheno_0,0.065168,Unknown
NW_025900034.1,16244,T,0.001587,Pheno_0,0.065168,Unknown
NW_025900209.1,44501,T,0.002222,Pheno_0,0.078033,Unknown
NW_025900209.1,44527,T,0.002151,Pheno_0,0.077983,Unknown
NW_025900209.1,44843,T,0.002273,Pheno_0,0.078174,Unknown
NW_025900209.1,44879,T,0.002353,Pheno_0,0.078424,Unknown
NW_025900209.1,45485,T,0.002,Pheno_0,0.077422,Unknown
NW_025900209.1,45488,T,0.002353,Pheno_0,0.074265,Unknown
NW_025900209.1,45521,C,0.002273,Pheno_0,0.074372,Unknown
NW_025900209.1,45521,T,0.001754,Pheno_0,0.076144,Unknown
NW_025900209.1,45524,T,0.001754,Pheno_0,0.076144,Unknown
NW_025900209.1,45526,T,0.001887,Pheno_0,0.076715,Unknown
NW_025900209.1,45529,T,0.001887,Pheno_0,0.063849,Unknown
NW_025900209.1,45532,T,0.001852,Pheno_0,0.064145,Unknown
NW_025900209.1,45551,T,0.001639,Pheno_0,0.07608,Unknown
NW_025900209.1,45555,T,0.002062,Pheno_0,0.078866,Unknown
NW_025900209.1,45555,C,0.001626,Pheno_0,0.075955,Unknown
NW_025900209.1,45559,T,0.0016,Pheno_0,0.076156,Unknown
NW_025900209.1,45579,A,0.001887,Pheno_0,0.078671,Unknown
NW_025900209.1,45579,T,0.001786,Pheno_0,0.06423,Unknown
NW_025900209.1,45690,A,0.002105,Pheno_0,0.078936,Unknown
NW_025900209.1,45690,T,0.00155,Pheno_0,0.06527,Unknown
NW_025900209.1,45698,T,0.001626,Pheno_0,0.076163,Unknown
NW_025900209.1,45711,T,0.002222,Pheno_0,0.079637,Unknown
NW_025900209.1,45720,T,0.001695,Pheno_0,0.076156,Unknown
NW_025900209.1,45723,T,0.001724,Pheno_0,0.077777,Unknown
NW_025900209.1,45790,T,0.00274,Pheno_0,0.080486,Unknown
NW_025900209.1,45808,T,0.00198,Pheno_0,0.076124,Unknown
NW_025900209.1,45817,T,0.002778,Pheno_0,0.073963,Unknown
NW_025900209.1,45840,T,0.002,Pheno_0,0.077422,Unknown
NW_025900209.1,45858,T,0.002532,Pheno_0,0.071571,Unknown
NW_025900209.1,45870,A,0.002632,Pheno_0,0.074244,Unknown
NW_025900209.1,45870,T,0.002632,Pheno_0,0.074244,Unknown
NW_025900209.1,45879,T,0.001961,Pheno_0,0.076944,Unknown
NW_025900209.1,45893,T,0.002597,Pheno_0,0.073775,Unknown
NW_025900209.1,45900,T,0.002597,Pheno_0,0.071555,Unknown
NW_025900209.1,45912,T,0.001961,Pheno_0,0.076944,Unknown
NW_025900209.1,46010,T,0.002703,Pheno_0,0.074146,Unknown
NW_025900209.1,46031,T,0.002222,Pheno_0,0.078033,Unknown
NW_025900209.1,46086,T,0.00241,Pheno_0,0.078601,Unknown
NW_025900209.1,47351,T,0.002062,Pheno_0,0.077638,Unknown
NW_025900209.1,47356,T,0.002532,Pheno_0,0.061745,Unknown
NW_025900209.1,47370,T,0.0025,Pheno_0,0.061847,Unknown
NW_025900209.1,47549,T,0.002198,Pheno_0,0.078419,Unknown
NW_025900209.1,47565,T,0.002,Pheno_0,0.077422,Unknown
NW_025900209.1,47585,T,0.002632,Pheno_0,0.080447,Unknown
NW_025900209.1,47590,T,0.002247,Pheno_0,0.074375,Unknown
NW_025900209.1,47599,T,0.001852,Pheno_0,0.076773,Unknown
NW_025900209.1,47610,T,0.00146,Pheno_0,0.065563,Unknown
NW_025900209.1,47620,T,0.002222,Pheno_0,0.079637,Unknown
NW_025900209.1,47657,T,0.001515,Pheno_0,0.075288,Unknown
NW_025900209.1,47660,T,0.002174,Pheno_0,0.074497,Unknown
NW_025900209.1,47717,T,0.002273,Pheno_0,0.074372,Unknown
NW_025900209.1,47722,G,0.001653,Pheno_0,0.077506,Unknown
NW_025900209.1,47722,T,0.00146,Pheno_0,0.075758,Unknown
NW_025900209.1,47733,T,0.002128,Pheno_0,0.079232,Unknown
NW_025900209.1,47734,T,0.002105,Pheno_0,0.078936,Unknown
NW_025900209.1,47776,T,0.001471,Pheno_0,0.075804,Unknown
NW_025900209.1,47804,T,0.002439,Pheno_0,0.079889,Unknown
NW_025900209.1,47843,A,0.002198,Pheno_0,0.078419,Unknown
NW_025900209.1,47843,T,0.002198,Pheno_0,0.078419,Unknown
NW_025900209.1,47849,T,0.001802,Pheno_0,0.076124,Unknown
NW_025900209.1,48367,T,0.002632,Pheno_0,0.080447,Unknown
NW_025900209.1,48367,C,0.002632,Pheno_0,0.074244,Unknown
NW_025900209.1,48367,A,0.00202,Pheno_0,0.063744,Unknown
NW_025900209.1,48400,A,0.001869,Pheno_0,0.063928,Unknown
NW_025900209.1,48400,T,0.001724,Pheno_0,0.077777,Unknown
NW_025900209.1,48414,T,0.001681,Pheno_0,0.077706,Unknown
NW_025900209.1,48463,T,0.002083,Pheno_0,0.078913,Unknown
NW_025900209.1,48504,T,0.001504,Pheno_0,0.075632,Unknown
NW_025900209.1,48507,T,0.002041,Pheno_0,0.078914,Unknown
NW_025900209.1,48515,T,0.002174,Pheno_0,0.075578,Unknown
NW_025900209.1,48534,T,0.001527,Pheno_0,0.075709,Unknown
NW_025900209.1,48558,T,0.001575,Pheno_0,0.075871,Unknown
NW_025900209.1,48561,T,0.001563,Pheno_0,0.075908,Unknown
NW_025900209.1,48567,T,0.001613,Pheno_0,0.076298,Unknown
NW_025900209.1,48593,A,0.001667,Pheno_0,0.077505,Unknown
NW_025900209.1,48593,T,0.001667,Pheno_0,0.077505,Unknown
NW_025900209.1,48593,C,0.001667,Pheno_0,0.077505,Unknown
NW_025900209.1,48618,T,0.001786,Pheno_0,0.076406,Unknown
NW_025900209.1,48946,T,0.0025,Pheno_0,0.071554,Unknown
NW_025900209.1,49026,T,0.002299,Pheno_0,0.071502,Unknown
NW_025900209.1,49061,T,0.002062,Pheno_0,0.063576,Unknown
NW_025900209.1,49087,T,0.001802,Pheno_0,0.076466,Unknown
NW_025900209.1,49098,T,0.00274,Pheno_0,0.074027,Unknown
NW_025900209.1,49159,T,0.00274,Pheno_0,0.074027,Unknown
NW_025900209.1,49160,T,0.001905,Pheno_0,0.076728,Unknown
NW_025900209.1,49161,T,0.001923,Pheno_0,0.063941,Unknown
NW_025900209.1,49179,T,0.001905,Pheno_0,0.076728,Unknown
NW_025900209.1,49185,T,0.002778,Pheno_0,0.073963,Unknown
NW_025900209.1,52205,T,0.002632,Pheno_0,0.061641,Unknown
NW_025900209.1,52453,T,0.0025,Pheno_0,0.078905,Unknown
NW_025900209.1,53024,T,0.002273,Pheno_0,0.071595,Unknown
NW_025900209.1,53055,T,0.002597,Pheno_0,0.079898,Unknown
NW_025900209.1,53064,T,0.0025,Pheno_0,0.061847,Unknown
NW_025900209.1,53064,C,0.001869,Pheno_0,0.076674,Unknown
NW_025900209.1,53069,T,0.002632,Pheno_0,0.074244,Unknown
NW_025900209.1,53080,T,0.001852,Pheno_0,0.076773,Unknown
NW_025900209.1,53082,T,0.002667,Pheno_0,0.073928,Unknown
NW_025900209.1,53094,T,0.002632,Pheno_0,0.080447,Unknown
NW_025900209.1,53118,T,0.002703,Pheno_0,0.074146,Unknown
NW_025900209.1,53137,T,0.002247,Pheno_0,0.062788,Unknown
NW_025900209.1,53165,T,0.001818,Pheno_0,0.076405,Unknown
NW_025900209.1,53207,A,0.002857,Pheno_0,0.080594,Unknown
NW_025900209.1,53207,T,0.0025,Pheno_0,0.061847,Unknown
NW_025900292.1,136885,T,0.002174,Pheno_0,0.077895,Unknown
NW_025900292.1,137093,T,0.00274,Pheno_0,0.080486,Unknown
NW_025900554.1,28779,T,0.002469,Pheno_0,0.078809,Unknown
NW_025900554.1,28796,T,0.00241,Pheno_0,0.071511,Unknown
NW_025900554.1,28816,T,0.002222,Pheno_0,0.078033,Unknown
NW_025900554.1,28843,A,0.004657,Pheno_0,-0.12067,Unknown
NW_025900554.1,28843,T,0.00241,Pheno_0,0.071511,Unknown
NW_025900554.1,28850,T,0.002299,Pheno_0,0.071502,Unknown
NW_025900554.1,28860,T,0.002247,Pheno_0,0.078117,Unknown
NW_025900554.1,28866,T,0.002198,Pheno_0,0.078419,Unknown
NW_025900554.1,28878,T,0.002222,Pheno_0,0.078033,Unknown
NW_025900554.1,28882,T,0.002299,Pheno_0,0.071502,Unknown
NW_025900554.1,28899,T,0.002326,Pheno_0,0.071501,Unknown
NW_025900554.1,28909,T,0.00241,Pheno_0,0.071511,Unknown
NW_025900554.1,29163,T,0.002353,Pheno_0,0.078424,Unknown
NW_025900554.1,29172,T,0.002247,Pheno_0,0.078117,Unknown
NW_025900554.1,29203,A,0.002174,Pheno_0,0.077895,Unknown
NW_025900554.1,29203,T,0.002174,Pheno_0,0.077895,Unknown
NW_025900554.1,29207,A,0.004167,Pheno_0,0.068282,Unknown
NW_025900554.1,29207,T,0.002353,Pheno_0,0.071484,Unknown
NW_025900554.1,29255,T,0.002222,Pheno_0,0.078033,Unknown
NW_025900554.1,29263,G,0.004651,Pheno_0,0.09027,Unknown
NW_025900554.1,29263,T,0.002326,Pheno_0,0.078424,Unknown
NW_025900558.1,2052,T,0.002198,Pheno_0,0.071581,Unknown
NW_025900558.1,2094,T,0.001942,Pheno_0,0.076857,Unknown
NW_025900558.1,2109,T,0.00202,Pheno_0,0.063744,Unknown
NW_025900558.1,2117,T,0.001852,Pheno_0,0.076773,Unknown
NW_025900558.1,2126,T,0.001835,Pheno_0,0.076831,Unknown
NW_025900558.1,2243,T,0.002,Pheno_0,0.076089,Unknown
NW_025900558.1,2260,T,0.00202,Pheno_0,0.076015,Unknown
NW_025900558.1,2938,T,0.002222,Pheno_0,0.062875,Unknown
NW_025900558.1,2941,T,0.002083,Pheno_0,0.076111,Unknown
NW_025900558.1,2967,T,0.00198,Pheno_0,0.06347,Unknown
NW_025900558.1,2969,C,0.002564,Pheno_0,0.079862,Unknown
NW_025900558.1,2969,T,0.002105,Pheno_0,0.077545,Unknown
NW_025900558.1,2990,T,0.00202,Pheno_0,0.076015,Unknown
NW_025900558.1,3018,T,0.002439,Pheno_0,0.079889,Unknown
NW_025900558.1,3018,C,0.002062,Pheno_0,0.077638,Unknown
NW_025900558.1,3018,G,0.001961,Pheno_0,0.063572,Unknown
NW_025900558.1,3281,T,0.002151,Pheno_0,0.077983,Unknown
NW_025900558.1,3827,T,0.002778,Pheno_0,0.073963,Unknown
NW_025900558.1,3874,T,0.001613,Pheno_0,0.065303,Unknown
NW_025900558.1,3879,T,0.001563,Pheno_0,0.065257,Unknown
NW_025900558.1,3882,T,0.001563,Pheno_0,0.065257,Unknown
NW_025900558.1,3900,T,0.001316,Pheno_0,0.074912,Unknown
NW_025900558.1,3918,T,0.001316,Pheno_0,0.074912,Unknown
NW_025900558.1,3932,T,0.001449,Pheno_0,0.065535,Unknown
NW_025900558.1,3944,T,0.001333,Pheno_0,0.074997,Unknown
NW_025900558.1,3982,T,0.001333,Pheno_0,0.074997,Unknown
NW_025900558.1,4015,T,0.002439,Pheno_0,0.074141,Unknown
NW_025900558.1,4025,A,0.002532,Pheno_0,0.073897,Unknown
NW_025900558.1,4025,T,0.001942,Pheno_0,0.075836,Unknown
NW_025900558.1,4049,A,0.001802,Pheno_0,0.06418,Unknown
NW_025900558.1,4049,T,0.001639,Pheno_0,0.077506,Unknown
NW_025900558.1,4052,T,0.001835,Pheno_0,0.06432,Unknown
NW_025900558.1,4053,T,0.001626,Pheno_0,0.076163,Unknown
NW_025900558.1,4058,T,0.002041,Pheno_0,0.0761,Unknown
NW_025900558.1,4076,A,0.004922,Pheno_0,-0.533748,Unknown
NW_025900558.1,4076,T,0.001695,Pheno_0,0.077637,Unknown
NW_025900558.1,4094,T,0.001709,Pheno_0,0.077606,Unknown
NW_025900558.1,4102,T,0.002128,Pheno_0,0.06314,Unknown
NW_025900558.1,4201,T,0.002564,Pheno_0,0.071546,Unknown
NW_025900558.1,5486,T,0.002703,Pheno_0,0.061536,Unknown
NW_025900558.1,5519,T,0.00177,Pheno_0,0.076136,Unknown
NW_025900558.1,5542,T,0.001835,Pheno_0,0.075911,Unknown
NW_025900558.1,5573,A,0.00303,Pheno_0,0.072983,Unknown
NW_025900558.1,5573,T,0.002564,Pheno_0,0.061633,Unknown
NW_025900558.1,5573,C,0.001818,Pheno_0,0.076405,Unknown
NW_025900558.1,5574,T,0.001653,Pheno_0,0.077506,Unknown
NW_025900558.1,5593,C,0.002778,Pheno_0,0.080513,Unknown
NW_025900558.1,5593,T,0.002,Pheno_0,0.076089,Unknown
NW_025900558.1,5596,T,0.002667,Pheno_0,0.061244,Unknown
NW_025900558.1,5843,T,0.00274,Pheno_0,0.061427,Unknown
NW_025900558.1,5913,T,0.00177,Pheno_0,0.063929,Unknown
NW_025900558.1,5924,T,0.001852,Pheno_0,0.064145,Unknown
NW_025900558.1,5924,A,0.001527,Pheno_0,0.075288,Unknown
NW_025900558.1,5932,T,0.001575,Pheno_0,0.075871,Unknown
NW_025900558.1,5957,T,0.001504,Pheno_0,0.07528,Unknown
NW_025900558.1,5961,T,0.002632,Pheno_0,0.080447,Unknown
NW_025900558.1,5989,T,0.001626,Pheno_0,0.076163,Unknown
NW_025900558.1,5989,C,0.001626,Pheno_0,0.076163,Unknown
NW_025900558.1,5990,T,0.001961,Pheno_0,0.063572,Unknown
NW_025900558.1,6004,T,0.001667,Pheno_0,0.077505,Unknown
NW_025900558.1,6013,T,0.001587,Pheno_0,0.076151,Unknown
NW_025900558.1,6019,T,0.002128,Pheno_0,0.06314,Unknown
NW_025900558.1,6020,A,0.001587,Pheno_0,0.076151,Unknown
NW_025900558.1,6020,T,0.001587,Pheno_0,0.076151,Unknown
NW_025900558.1,6030,T,0.001667,Pheno_0,0.076052,Unknown
NW_025900558.1,6047,T,0.001695,Pheno_0,0.076156,Unknown
NW_025900558.1,6049,T,0.0025,Pheno_0,0.061847,Unknown
NW_025900558.1,6062,T,0.001961,Pheno_0,0.076944,Unknown
NW_025900558.1,6067,T,0.002299,Pheno_0,0.071502,Unknown
NW_025900558.1,6092,A,0.002899,Pheno_0,0.06004,Unknown
NW_025900558.1,6092,T,0.001869,Pheno_0,0.076674,Unknown
NW_025900558.1,6139,T,0.002632,Pheno_0,0.061641,Unknown
NW_025900558.1,6148,C,0.002564,Pheno_0,0.061633,Unknown
NW_025900558.1,6148,T,0.00202,Pheno_0,0.076015,Unknown
NW_025900558.1,6164,T,0.002353,Pheno_0,0.079809,Unknown
NW_025900558.1,6290,T,0.001961,Pheno_0,0.078683,Unknown
NW_025900558.1,6301,T,0.001802,Pheno_0,0.076124,Unknown
NW_025900558.1,6303,T,0.002083,Pheno_0,0.078913,Unknown
NW_025900558.1,6349,T,0.001923,Pheno_0,0.076223,Unknown
NW_025900558.1,6363,T,0.00202,Pheno_0,0.076015,Unknown
NW_025900558.1,6367,T,0.001724,Pheno_0,0.077777,Unknown
NW_025900558.1,6382,T,0.002381,Pheno_0,0.062316,Unknown
NW_025900736.1,19571,T,0.002597,Pheno_0,0.079323,Unknown
NW_025900736.1,19572,C,0.003509,Pheno_0,0.076408,Unknown
NW_025900736.1,19572,T,0.002632,Pheno_0,0.079599,Unknown
NW_025900736.1,19579,T,0.002564,Pheno_0,0.061633,Unknown
NW_025900736.1,19606,T,0.002632,Pheno_0,0.061641,Unknown
NW_025900736.1,19607,T,0.002667,Pheno_0,0.061244,Unknown
NW_025900736.1,19620,T,0.002778,Pheno_0,0.061365,Unknown
NW_025900736.1,19672,T,0.002703,Pheno_0,0.079981,Unknown
NW_025900736.1,19683,T,0.002564,Pheno_0,0.061633,Unknown
NW_025900736.1,22713,T,0.00241,Pheno_0,0.071511,Unknown
NW_025900736.1,22732,T,0.002703,Pheno_0,0.079981,Unknown
NW_025900736.1,22743,T,0.002667,Pheno_0,0.079442,Unknown
NW_025900736.1,22760,G,0.002941,Pheno_0,0.080654,Unknown
NW_025900736.1,22760,T,0.002632,Pheno_0,0.079599,Unknown
NW_025900736.1,22771,T,0.002469,Pheno_0,0.061963,Unknown
NW_025900736.1,22772,T,0.0025,Pheno_0,0.061847,Unknown
NW_025900736.1,23085,T,0.002299,Pheno_0,0.0626,Unknown
NW_025900736.1,23096,T,0.001835,Pheno_0,0.076831,Unknown
NW_025900736.1,23096,C,0.001835,Pheno_0,0.076831,Unknown
NW_025900736.1,23122,T,0.001961,Pheno_0,0.076944,Unknown
NW_025900736.1,23175,T,0.00202,Pheno_0,0.077522,Unknown
NW_025900736.1,23178,T,0.002632,Pheno_0,0.061641,Unknown
NW_025900736.1,23825,T,0.00274,Pheno_0,0.080126,Unknown
NW_025900736.1,23870,T,0.002353,Pheno_0,0.062371,Unknown
NW_025900736.1,33178,T,0.00241,Pheno_0,0.078601,Unknown
NW_025900736.1,33179,T,0.002041,Pheno_0,0.0761,Unknown
NW_025900736.1,33180,T,0.00202,Pheno_0,0.076015,Unknown
NW_025900736.1,33197,T,0.001887,Pheno_0,0.075933,Unknown
NW_025900736.1,33222,T,0.001493,Pheno_0,0.075795,Unknown
NW_025900736.1,33227,T,0.001439,Pheno_0,0.075657,Unknown
NW_025900736.1,33288,T,0.002198,Pheno_0,0.074479,Unknown
NW_025900736.1,33290,T,0.002222,Pheno_0,0.074402,Unknown
NW_025900736.1,33293,T,0.001942,Pheno_0,0.076857,Unknown
NW_025900736.1,33308,T,0.001282,Pheno_0,0.066031,Unknown
NW_025900736.1,33320,T,0.002151,Pheno_0,0.077983,Unknown
NW_025900736.1,33401,T,0.002439,Pheno_0,0.062027,Unknown
NW_025900852.1,4730,T,0.002667,Pheno_0,0.061244,Unknown
NW_025900852.1,4751,T,0.002381,Pheno_0,0.062316,Unknown
NW_025900852.1,4766,T,0.002439,Pheno_0,0.071473,Unknown
NW_025900852.1,4769,T,0.00198,Pheno_0,0.076975,Unknown
NW_025900852.1,4800,T,0.002083,Pheno_0,0.078913,Unknown
NW_025900852.1,4806,T,0.00202,Pheno_0,0.078807,Unknown
NW_025900852.1,4810,T,0.002778,Pheno_0,0.073963,Unknown
NW_025900852.1,4839,T,0.001724,Pheno_0,0.077777,Unknown
NW_025900852.1,4892,T,0.001802,Pheno_0,0.076466,Unknown
NW_025900852.1,4907,T,0.002151,Pheno_0,0.075386,Unknown
NW_025900852.1,4973,T,0.002,Pheno_0,0.077422,Unknown
NW_025900852.1,5000,T,0.002597,Pheno_0,0.079898,Unknown
NW_025900852.1,5041,T,0.00202,Pheno_0,0.077522,Unknown
NW_025900852.1,5069,T,0.002326,Pheno_0,0.071501,Unknown
NW_025900852.1,5109,T,0.001802,Pheno_0,0.076466,Unknown
NW_025900852.1,5149,T,0.001852,Pheno_0,0.064145,Unknown
NW_025900852.1,5164,T,0.00241,Pheno_0,0.079862,Unknown
NW_025900852.1,5169,T,0.001802,Pheno_0,0.06418,Unknown
NW_025900852.1,5192,T,0.00241,Pheno_0,0.079862,Unknown
NW_025900852.1,5274,T,0.00198,Pheno_0,0.076975,Unknown
NW_025900852.1,5746,T,0.002667,Pheno_0,0.061244,Unknown
NW_025900908.1,8025,T,0.002273,Pheno_0,0.071595,Unknown
NW_025900908.1,8556,T,0.002564,Pheno_0,0.071546,Unknown
NW_025900908.1,8718,C,0.002151,Pheno_0,0.075386,Unknown
NW_025900908.1,8718,T,0.002105,Pheno_0,0.077545,Unknown
NW_025900908.1,8741,T,0.0025,Pheno_0,0.079917,Unknown
NW_025900908.1,8767,T,0.002439,Pheno_0,0.079889,Unknown
NW_025900908.1,8768,T,0.001942,Pheno_0,0.075836,Unknown
NW_025900908.1,8769,T,0.00198,Pheno_0,0.076975,Unknown
NW_025900908.1,8774,T,0.002778,Pheno_0,0.073963,Unknown
NW_025900908.1,8908,T,0.002632,Pheno_0,0.061641,Unknown
NW_025900908.1,8961,T,0.001887,Pheno_0,0.075933,Unknown
NW_025900908.1,8963,T,0.001923,Pheno_0,0.063941,Unknown
NW_025900908.1,8964,T,0.001905,Pheno_0,0.063739,Unknown
NW_025900908.1,8972,T,0.002532,Pheno_0,0.073897,Unknown
NW_025900908.1,8972,C,0.002532,Pheno_0,0.073897,Unknown
NW_025900908.1,8984,T,0.002041,Pheno_0,0.077556,Unknown
NW_025900908.1,9007,T,0.001961,Pheno_0,0.076119,Unknown
NW_025900908.1,9011,T,0.002174,Pheno_0,0.077895,Unknown
NW_025900908.1,9014,T,0.002198,Pheno_0,0.078419,Unknown
NW_025900908.1,9020,T,0.002198,Pheno_0,0.078419,Unknown
NW_025900908.1,9027,T,0.00274,Pheno_0,0.074027,Unknown
NW_025900908.1,9028,T,0.00202,Pheno_0,0.076015,Unknown
NW_025900908.1,9032,T,0.002469,Pheno_0,0.080563,Unknown
NW_025900908.1,9055,T,0.002381,Pheno_0,0.078559,Unknown
NW_025900908.1,9066,T,0.002632,Pheno_0,0.061641,Unknown
NW_025900908.1,9067,T,0.002597,Pheno_0,0.079323,Unknown
NW_025900908.1,9067,A,0.002222,Pheno_0,0.071551,Unknown
NW_025900908.1,9069,T,0.002439,Pheno_0,0.078668,Unknown
NW_025900908.1,9071,T,0.002151,Pheno_0,0.075386,Unknown
NW_025900908.1,9077,T,0.002222,Pheno_0,0.071551,Unknown
NW_025900908.1,9084,T,0.002247,Pheno_0,0.07154,Unknown
NW_025900908.1,9131,T,0.001739,Pheno_0,0.077924,Unknown
NW_025900908.1,9135,T,0.002299,Pheno_0,0.0626,Unknown
NW_025900908.1,9145,T,0.002632,Pheno_0,0.080447,Unknown
NW_025900908.1,9190,T,0.00177,Pheno_0,0.076136,Unknown
NW_025900908.1,9217,A,0.001695,Pheno_0,0.076156,Unknown
NW_025900908.1,9217,T,0.001626,Pheno_0,0.076163,Unknown
NW_025900908.1,9247,T,0.001639,Pheno_0,0.07608,Unknown
NW_025900908.1,9355,T,0.001681,Pheno_0,0.077706,Unknown
NW_025900908.1,9381,T,0.00198,Pheno_0,0.06347,Unknown
NW_025900908.1,9413,T,0.002222,Pheno_0,0.062875,Unknown
NW_025900908.1,9418,T,0.001942,Pheno_0,0.075836,Unknown
NW_025900908.1,9476,T,0.002198,Pheno_0,0.078419,Unknown
NW_025900908.1,9498,T,0.00274,Pheno_0,0.061427,Unknown
NW_025900908.1,9555,T,0.001818,Pheno_0,0.076405,Unknown
NW_025900908.1,9643,T,0.002703,Pheno_0,0.061536,Unknown
NW_025900908.1,9673,G,0.003774,Pheno_0,0.067807,Unknown
NW_025900908.1,9673,T,0.002532,Pheno_0,0.071571,Unknown
NW_025900908.1,9778,C,0.002299,Pheno_0,0.074335,Unknown
NW_025900908.1,9778,T,0.001639,Pheno_0,0.077506,Unknown
NW_025900908.1,9832,T,0.001653,Pheno_0,0.076092,Unknown
NW_025900908.1,9865,T,0.001389,Pheno_0,0.075177,Unknown
NW_025900908.1,9895,T,0.001342,Pheno_0,0.07503,Unknown
NW_025900908.1,9902,T,0.001504,Pheno_0,0.07528,Unknown
NW_025900908.1,9911,T,0.001361,Pheno_0,0.075114,Unknown
NW_025900908.1,9984,T,0.00202,Pheno_0,0.07405,Unknown
NW_025900908.1,9994,T,0.001493,Pheno_0,0.075585,Unknown
NW_025900908.1,10000,T,0.002532,Pheno_0,0.079863,Unknown
NW_025900908.1,10013,T,0.001681,Pheno_0,0.076152,Unknown
NW_025900908.1,10035,T,0.001754,Pheno_0,0.076144,Unknown
NW_025900908.1,10035,A,0.001653,Pheno_0,0.077506,Unknown
NW_025900908.1,10170,T,0.002469,Pheno_0,0.078809,Unknown
NW_025900908.1,10218,T,0.002564,Pheno_0,0.07913,Unknown
NW_025900908.1,10233,T,0.002632,Pheno_0,0.079599,Unknown
NW_025900908.1,10271,T,0.002632,Pheno_0,0.071631,Unknown
NW_025900908.1,10321,T,0.002247,Pheno_0,0.07154,Unknown
NW_025900908.1,10326,T,0.002532,Pheno_0,0.073897,Unknown
NW_025900908.1,10371,T,0.001818,Pheno_0,0.076144,Unknown
NW_025900908.1,10384,T,0.002353,Pheno_0,0.074265,Unknown
NW_025900908.1,10409,T,0.002273,Pheno_0,0.071595,Unknown
NW_025900908.1,10540,T,0.002222,Pheno_0,0.074402,Unknown
NW_025900908.1,10628,T,0.002439,Pheno_0,0.078668,Unknown
NW_025901023.1,115808,T,0.001709,Pheno_0,0.076161,Unknown
NW_025901023.1,115823,T,0.002174,Pheno_0,0.063067,Unknown
NW_025901023.1,115836,T,0.001653,Pheno_0,0.076092,Unknown
NW_025901023.1,115842,T,0.001626,Pheno_0,0.075955,Unknown
NW_025901023.1,115880,T,0.002128,Pheno_0,0.077652,Unknown
NW_025901023.1,115886,T,0.001667,Pheno_0,0.076052,Unknown
NW_025901023.1,115938,T,0.002469,Pheno_0,0.061963,Unknown
NW_025901498.1,15880,T,0.002703,Pheno_0,0.079981,Unknown
NW_025901498.1,15892,T,0.002667,Pheno_0,0.079442,Unknown
NW_025901498.1,15902,T,0.002667,Pheno_0,0.079442,Unknown
